"","Genus_Species","X","eye_av","cor_av","svl_av","rootmass_av","n","Order","Suborder","Family","Genus","Species","Gill_Presence","Activity_Period","Adult_Habitat","Development","Life_History","Larval_Habitat","pglsres.edsvl"
"1","Ambystoma_amblycephalum",1,3.88,2.6,66.5,2.18417752171208,2,"Caudata","Salamandroidea","Ambystomatidae","Ambystoma","amblycephalum","yes","nocturnal","aquatic","paedomorphic","free-living","lentic water",0.00071382662064523
"2","Ambystoma_annulatum",2,3.37166666666667,2.24333333333333,82.6666666666667,2.13559679708487,3,"Caudata","Salamandroidea","Ambystomatidae","Ambystoma","annulatum","no","nocturnal","subfossorial","metamorphosizing","free-living","lentic water",-0.136799490000742
"3","Ambystoma_bishopi",3,2.4925,1.6675,58,1.52183676454671,2,"Caudata","Salamandroidea","Ambystomatidae","Ambystoma","bishopi","no","nocturnal","subfossorial","metamorphosizing","free-living","lentic water",-0.143390143938032
"4","Ambystoma_californiense",4,4.97833333333333,3.55166666666667,106.666666666667,3.22010104843117,3,"Caudata","Salamandroidea","Ambystomatidae","Ambystoma","californiense","no","nocturnal","subfossorial","metamorphosizing","free-living","lentic water",-0.0571954472643873
"5","Ambystoma_gracile",6,5.36,4.06166666666667,84.3333333333333,2.2933024492182,3,"Caudata","Salamandroidea","Ambystomatidae","Ambystoma","gracile","no","nocturnal","subfossorial","metamorphosizing","free-living","lentic water",0.0575012812997023
"6","Ambystoma_granulosum",7,3.405,2.165,63,1.7099759466767,1,"Caudata","Salamandroidea","Ambystomatidae","Ambystoma","granulosum","no","nocturnal","subfossorial","metamorphosizing","free-living","lentic water",-0.0369875273243819
"7","Ambystoma_jeffersonianum",8,3.25833333333333,2.39,65.3333333333333,1.8261645700048,3,"Caudata","Salamandroidea","Ambystomatidae","Ambystoma","jeffersonianum","no","nocturnal","subfossorial","metamorphosizing","free-living","lentic water",-0.0688981620786199
"8","Ambystoma_macrodactylum",9,3.91583333333333,2.6375,68,1.78744946118549,6,"Caudata","Salamandroidea","Ambystomatidae","Ambystoma","macrodactylum","no","nocturnal","subfossorial","metamorphosizing","free-living","lentic water",-0.0031377329363842
"9","Ambystoma_maculatum",10,3.97833333333333,2.54,79,2.10190550215159,3,"Caudata","Salamandroidea","Ambystomatidae","Ambystoma","maculatum","no","nocturnal","subfossorial","metamorphosizing","free-living","lentic water",-0.048988649949561
"10","Ambystoma_mexicanum",11,5.02333333333333,2.88833333333333,123,3.79084287529876,3,"Caudata","Salamandroidea","Ambystomatidae","Ambystoma","mexicanum","yes","nocturnal","aquatic","paedomorphic","free-living","lentic water",-0.103390346079553
"11","Ambystoma_opacum",12,3.73,2.81833333333333,67.6666666666667,1.84217075692956,3,"Caudata","Salamandroidea","Ambystomatidae","Ambystoma","opacum","no","nocturnal","subfossorial","metamorphosizing","free-living","lentic water",-0.0225250398054031
"12","Ambystoma_ordinarium",13,2.73,2.1,55,1.88238568417309,1,"Caudata","Salamandroidea","Ambystomatidae","Ambystoma","ordinarium","yes","diurnal","aquatic","paedomorphic","free-living","lotic water",-0.0851860859241398
"13","Ambystoma_rosaceum",14,3.555,2.44,63,2.24612735373655,3,"Caudata","Salamandroidea","Ambystomatidae","Ambystoma","rosaceum","yes","nocturnal","aquatic","paedomorphic","free-living","lotic water",-0.0182650385074008
"14","Ambystoma_talpoideum",15,2.895,1.92,46.5,1.29959012431625,2,"Caudata","Salamandroidea","Ambystomatidae","Ambystoma","talpoideum","no","nocturnal","subfossorial","metamorphosizing","free-living","lentic water",-0.00066325060599115
"15","Ambystoma_texanum",16,2.975,1.995,74.6666666666667,1.87397252082396,3,"Caudata","Salamandroidea","Ambystomatidae","Ambystoma","texanum","no","nocturnal","subfossorial","metamorphosizing","free-living","lentic water",-0.155364294529157
"16","Ambystoma_tigrinum",17,5.65,3.87833333333333,97.6666666666667,2.86713735877051,3,"Caudata","Salamandroidea","Ambystomatidae","Ambystoma","tigrinum","no","nocturnal","subfossorial","metamorphosizing","free-living","lentic water",0.0287672515008476
"17","Aneides_aeneus",22,3.76166666666667,2.67333333333333,60.3333333333333,1.45382516788292,3,"Caudata","Salamandroidea","Plethodontidae","Aneides","aeneus","no","nocturnal","scansorial","direct development","no free-living","no larva",0.0214849355183013
"18","Aneides_ferreus",23,3.43666666666667,2.39166666666667,58,1.44875489013811,3,"Caudata","Salamandroidea","Plethodontidae","Aneides","ferreus","no","nocturnal","scansorial","direct development","no free-living","no larva",-0.0038879003578709
"19","Aneides_flavipunctatus",24,3.17333333333333,2.13833333333333,60,1.29171605502366,3,"Caudata","Salamandroidea","Plethodontidae","Aneides","flavipunctatus","no","nocturnal","terrestrial","direct development","no free-living","no larva",-0.0504314221016019
"20","Aneides_hardii",25,2.78333333333333,1.82333333333333,46.3333333333333,1.07538961483547,3,"Caudata","Salamandroidea","Plethodontidae","Aneides","hardii","no","nocturnal","subfossorial","direct development","no free-living","no larva",-0.0164839051200526
"21","Aneides_lugubris",26,4.70833333333333,3.55333333333333,84.6666666666667,1.92732756743613,3,"Caudata","Salamandroidea","Plethodontidae","Aneides","lugubris","no","nocturnal","scansorial","direct development","no free-living","no larva",-0.000183525630902071
"22","Aneides_niger",27,3.43666666666667,2.575,73.6666666666667,1.743307515018,3,"Caudata","Salamandroidea","Plethodontidae","Aneides","niger","no","nocturnal","semiaquatic","direct development","no free-living","no larva",-0.0879723049435204
"23","Aneides_vagrans",28,3.45666666666667,2.47,68.6666666666667,1.57924447601026,3,"Caudata","Salamandroidea","Plethodontidae","Aneides","vagrans","no","nocturnal","scansorial","direct development","no free-living","no larva",-0.0607352824594211
"24","Batrachoseps_attenuatus",29,1.91166666666667,1.36833333333333,42.3333333333333,0.993140763736866,3,"Caudata","Salamandroidea","Plethodontidae","Batrachoseps","attenuatus","no","nocturnal","subfossorial","direct development","no free-living","no larva",-0.147886725327944
"25","Batrachoseps_major",30,2.83333333333333,1.79666666666667,48.3333333333333,1.14513734223081,3,"Caudata","Salamandroidea","Plethodontidae","Batrachoseps","major","no","nocturnal","subfossorial","direct development","no free-living","no larva",-0.0236125209534593
"26","Batrachoseps_nigriventris",31,1.82666666666667,1.24333333333333,35.6666666666667,0.805830480319564,3,"Caudata","Salamandroidea","Plethodontidae","Batrachoseps","nigriventris","no","nocturnal","subfossorial","direct development","no free-living","no larva",-0.107379821080427
"27","Batrachoseps_pacificus",32,2.03333333333333,1.40333333333333,40.3333333333333,1.02158138161905,3,"Caudata","Salamandroidea","Plethodontidae","Batrachoseps","pacificus","no","nocturnal","subfossorial","direct development","no free-living","no larva",-0.104071206147992
"28","Batrachoseps_relictus",33,2.015,1.42,39,0.862535584967474,3,"Caudata","Salamandroidea","Plethodontidae","Batrachoseps","relictus","no","nocturnal","subfossorial","direct development","no free-living","no larva",-0.0961831333014383
"29","Batrachuperus_karlschmidti",34,3.94666666666667,2.75833333333333,73.3333333333333,1.91116796903992,3,"Caudata","Cryptobranchoidea","Hynobiidae","Batrachuperus","karlschmidti","no",NA,"aquatic","metamorphosizing","free-living","lotic water",-0.0262844371568853
"30","Batrachuperus_yenyuanensis",35,4.80166666666667,3.51,85,2.39541827972683,3,"Caudata","Cryptobranchoidea","Hynobiidae","Batrachuperus","yenyuanensis","no","nocturnal","semiaquatic","metamorphosizing","free-living","lotic water",0.00695951226077707
"31","Bolitoglossa_altamazonica",36,3.4,2.395,53,1.51973910573027,1,"Caudata","Salamandroidea","Plethodontidae","Bolitoglossa","altamazonica","no","nocturnal","scansorial","direct development","no free-living","no larva",0.02315610148659
"32","Bolitoglossa_engelhardti",37,3.30333333333333,2.35166666666667,48.6666666666667,1.2613016154594,3,"Caudata","Salamandroidea","Plethodontidae","Bolitoglossa","engelhardti","no","nocturnal","scansorial","direct development","no free-living","no larva",0.0406252940911649
"33","Bolitoglossa_lignicolor",38,3.77,2.58,62,1.44064528692515,1,"Caudata","Salamandroidea","Plethodontidae","Bolitoglossa","lignicolor","no","nocturnal","scansorial","direct development","no free-living","no larva",0.0128633796771181
"34","Bolitoglossa_marmorea",39,4.09166666666667,2.92,62.3333333333333,1.53056983387466,3,"Caudata","Salamandroidea","Plethodontidae","Bolitoglossa","marmorea","no","nocturnal","scansorial","direct development","no free-living","no larva",0.0465366969651508
"35","Bolitoglossa_mexicana",40,4.35333333333333,2.96666666666667,80,1.92788054902655,3,"Caudata","Salamandroidea","Plethodontidae","Bolitoglossa","mexicana","no","nocturnal","scansorial","direct development","no free-living","no larva",-0.0142913454062495
"36","Bolitoglossa_morio",41,3.31166666666667,2.29,56,1.42177585049763,3,"Caudata","Salamandroidea","Plethodontidae","Bolitoglossa","morio","no","nocturnal","scansorial","direct development","no free-living","no larva",-0.00763849600832467
"37","Bolitoglossa_platydactyla",42,4.14833333333333,2.94166666666667,84,1.97625077023645,3,"Caudata","Salamandroidea","Plethodontidae","Bolitoglossa","platydactyla","no","nocturnal","scansorial","direct development","no free-living","no larva",-0.0523971492074653
"38","Bolitoglossa_rostrata",43,3.515,2.36833333333333,47,1.18019632162372,3,"Caudata","Salamandroidea","Plethodontidae","Bolitoglossa","rostrata","no","nocturnal","scansorial","direct development","no free-living","no larva",0.079852409990264
"39","Bolitoglossa_rufescens",44,2.58666666666667,1.78333333333333,33.6666666666667,0.877313587038634,3,"Caudata","Salamandroidea","Plethodontidae","Bolitoglossa","rufescens","no","nocturnal","scansorial","direct development","no free-living","no larva",0.0639950234449014
"40","Bolitoglossa_subpalmata",45,3.21166666666667,2.425,45.6666666666667,1.11691943495519,3,"Caudata","Salamandroidea","Plethodontidae","Bolitoglossa","subpalmata","no","nocturnal","scansorial","direct development","no free-living","no larva",0.0507779430012807
"41","Calotriton_asper",46,3.65,2.71666666666667,63.5066666666667,1.93787651468876,3,"Caudata","Salamandroidea","Salamandridae","Calotriton","asper","no","nocturnal","semiaquatic","metamorphosizing","free-living","both",-0.0096286287882611
"42","Chioglossa_lusitanica",47,2.54666666666667,1.89166666666667,45,1.20578806883832,3,"Caudata","Salamandroidea","Salamandridae","Chioglossa","lusitanica","no","nocturnal","terrestrial","metamorphosizing","free-living","lotic water",-0.0448088600511566
"43","Chiropterotriton_chiropterus",48,2.56333333333333,2.05166666666667,35.3333333333333,0.910840895105219,3,"Caudata","Salamandroidea","Plethodontidae","Chiropterotriton","chiropterus","no",NA,"scansorial","direct development","no free-living","no larva",0.0430679522240213
"44","Chiropterotriton_multidentatus",49,2.58833333333333,1.775,40.3333333333333,0.941655700247935,3,"Caudata","Salamandroidea","Plethodontidae","Chiropterotriton","multidentatus","no","nocturnal","scansorial","direct development","no free-living","no larva",0.000740418905818163
"45","Cynops_ensicauda",51,3.835,2.98,54,1.81104322103931,1,"Caudata","Salamandroidea","Salamandridae","Cynops","ensicauda","no","nocturnal","semiaquatic","metamorphosizing","free-living","lentic water",0.0688692854041789
"46","Cynops_pyrrhogaster",52,4.70833333333333,3.40666666666667,72,2.28877951712248,3,"Caudata","Salamandroidea","Salamandridae","Cynops","pyrrhogaster","no","nocturnal","semiaquatic","metamorphosizing","free-living","lentic water",0.056804967031764
"47","Cynops_wolterstorffi",53,4.46833333333333,3.23666666666667,72.6666666666667,2.24198593489615,3,"Caudata","Salamandroidea","Salamandridae","Cynops","wolterstorffi","no",NA,"aquatic","metamorphosizing","free-living","lentic water",0.0308422039533746
"48","Desmognathus_auriculatus",54,2.80166666666667,2.03,58.6666666666667,1.60362201765371,3,"Caudata","Salamandroidea","Plethodontidae","Desmognathus","auriculatus","no","nocturnal","semiaquatic","metamorphosizing","free-living","lentic water",-0.0966278580440149
"49","Desmognathus_brimleyorum",55,2.71666666666667,1.98,51,1.44073763094781,3,"Caudata","Salamandroidea","Plethodontidae","Desmognathus","brimleyorum","no","nocturnal","semiaquatic","metamorphosizing","free-living","lotic water",-0.0607594260321673
"50","Desmognathus_conanti",56,2.58,2.01333333333333,53,1.43447580012026,3,"Caudata","Salamandroidea","Plethodontidae","Desmognathus","conanti","no","nocturnal","semiaquatic","metamorphosizing","free-living","lotic water",-0.096703109592435
"51","Desmognathus_fuscus",57,3.14833333333333,2.46666666666667,60,1.58376896305387,3,"Caudata","Salamandroidea","Plethodontidae","Desmognathus","fuscus","no","nocturnal","semiaquatic","metamorphosizing","free-living","lotic water",-0.0538664082282239
"52","Desmognathus_imitator",58,2.63833333333333,1.90333333333333,45.3333333333333,1.31296876565508,3,"Caudata","Salamandroidea","Plethodontidae","Desmognathus","imitator","no","nocturnal","semiaquatic","metamorphosizing","free-living","lotic water",-0.0320465847350808
"53","Desmognathus_monticola",59,3.535,2.55833333333333,61.6666666666667,1.85962839862077,3,"Caudata","Salamandroidea","Plethodontidae","Desmognathus","monticola","no","nocturnal","semiaquatic","metamorphosizing","free-living","lotic water",-0.013192808921031
"54","Desmognathus_ochrophaeus",60,2.17833333333333,1.69,41,1.08399892410943,3,"Caudata","Salamandroidea","Plethodontidae","Desmognathus","ochrophaeus","no","nocturnal","semiaquatic","metamorphosizing","free-living","lotic water",-0.0799204892225565
"55","Desmognathus_quadramaculatus",61,3.74166666666667,2.63,68.3333333333333,1.81643807917099,3,"Caudata","Salamandroidea","Plethodontidae","Desmognathus","quadramaculatus","no","nocturnal","semiaquatic","metamorphosizing","free-living","lotic water",-0.0246164470472682
"56","Dicamptodon_aterrimus",62,5.64333333333333,4.39,120.333333333333,3.2542452303802,3,"Caudata","Salamandroidea","Dicamptodontidae","Dicamptodon","aterrimus","yes","nocturnal","aquatic","paedomorphic","free-living","lotic water",-0.0451387248494465
"57","Dicamptodon_copei",63,4.3175,3.3825,95.5,2.7113256130522,2,"Caudata","Salamandroidea","Dicamptodontidae","Dicamptodon","copei","yes","nocturnal","aquatic","paedomorphic","free-living","lotic water",-0.0801596938217606
"58","Dicamptodon_ensatus",64,8.41666666666667,6.09,149,4.3042946156137,3,"Caudata","Salamandroidea","Dicamptodontidae","Dicamptodon","ensatus","no","nocturnal","terrestrial","metamorphosizing","free-living","lotic water",0.0533228603366837
"59","Dicamptodon_tenebrosus",65,7.97666666666667,5.955,141,4.3855377615539,3,"Caudata","Salamandroidea","Dicamptodontidae","Dicamptodon","tenebrosus","no","nocturnal","subfossorial","metamorphosizing","free-living","lotic water",0.0494110072731315
"60","Echinotriton_andersoni",66,5.15666666666667,3.22,92.3333333333333,2.84316710797848,3,"Caudata","Salamandroidea","Salamandridae","Echinotriton","andersoni","no",NA,"terrestrial","metamorphosizing","free-living","lentic water",0.00883534157812349
"61","Ensatina_eschscholtzii",67,4.85,3.83166666666667,75.6666666666667,1.97866043955917,3,"Caudata","Salamandroidea","Plethodontidae","Ensatina","eschscholtzii","no","nocturnal","terrestrial","direct development","no free-living","no larva",0.0522120072712263
"62","Euproctus_montanus",68,3.345,2.2375,48.5,1.50118570996788,2,"Caudata","Salamandroidea","Salamandridae","Euproctus","montanus","no","nocturnal","semiaquatic","metamorphosizing","free-living","lentic water",0.0472753969021241
"63","Eurycea_bislineata",69,2.205,1.705,44,1.16681325174933,3,"Caudata","Salamandroidea","Plethodontidae","Eurycea","bislineata","no","nocturnal","semiaquatic","metamorphosizing","free-living","lotic water",-0.0994695754367565
"64","Eurycea_cirrigera",70,2.28833333333333,1.83333333333333,38.3333333333333,1.02526533742458,3,"Caudata","Salamandroidea","Plethodontidae","Eurycea","cirrigera","no","nocturnal","semiaquatic","metamorphosizing","free-living","lotic water",-0.034875650810691
"65","Eurycea_guttolineata",71,3.32833333333333,2.50833333333333,51.3333333333333,1.37344253804573,3,"Caudata","Salamandroidea","Plethodontidae","Eurycea","guttolineata","no","nocturnal","semiaquatic","metamorphosizing","free-living","lentic water",0.0251400845540797
"66","Eurycea_longicauda",72,3.35357142857143,2.50357142857143,53.5714285714286,1.295621754489,7,"Caudata","Salamandroidea","Plethodontidae","Eurycea","longicauda","no","nocturnal","semiaquatic","metamorphosizing","free-living","lotic water",0.0134135610991982
"67","Eurycea_lucifuga",73,3.67333333333333,2.63166666666667,61,1.23360962147017,3,"Caudata","Salamandroidea","Plethodontidae","Eurycea","lucifuga","no","nocturnal","scansorial","metamorphosizing","free-living","both",0.00730053693010202
"68","Eurycea_quadridigitata",76,1.82166666666667,1.49166666666667,29,0.748498876216243,3,"Caudata","Salamandroidea","Plethodontidae","Eurycea","quadridigitata","no","nocturnal","semiaquatic","metamorphosizing","free-living","both",-0.0358045647985187
"69","Eurycea_tynerensis",78,1.8275,1.29,40.5,1.01108920735275,2,"Caudata","Salamandroidea","Plethodontidae","Eurycea","tynerensis","no","nocturnal","semiaquatic","metamorphosizing","free-living","lotic water",-0.151872545391694
"70","Eurycea_wilderae",79,1.99,1.54666666666667,35.3333333333333,0.924010529177722,3,"Caudata","Salamandroidea","Plethodontidae","Eurycea","wilderae","no","nocturnal","semiaquatic","metamorphosizing","free-living","lotic water",-0.0668840564480401
"71","Gyrinophilus_porphyriticus",80,4.2675,2.8325,90.5,2.38498145886337,2,"Caudata","Salamandroidea","Plethodontidae","Gyrinophilus","porphyriticus","no","nocturnal","semiaquatic","metamorphosizing","free-living","lotic water",-0.0663075260869646
"72","Hemidactylium_scutatum",81,2.33333333333333,1.67166666666667,36.6666666666667,0.923872416992799,3,"Caudata","Salamandroidea","Plethodontidae","Hemidactylium","scutatum","no","nocturnal","terrestrial","metamorphosizing","free-living","lentic water",-0.0107862649723841
"73","Hydromantes_ambrosii",82,4.195,3.18333333333333,59,1.51989335277154,3,"Caudata","Salamandroidea","Plethodontidae","Hydromantes","ambrosii","no","nocturnal","scansorial","direct development","no free-living","no larva",0.0766952332794427
"74","Hydromantes_brunus",83,4.4875,2.8825,65,1.47705267817574,2,"Caudata","Salamandroidea","Plethodontidae","Hydromantes","brunus","no","nocturnal","scansorial","direct development","no free-living","no larva",0.0719095622242985
"75","Hydromantes_imperialis",84,4.56,3.6175,61.55,1.59882199910968,2,"Caudata","Salamandroidea","Plethodontidae","Hydromantes","imperialis","no","nocturnal","scansorial","direct development","no free-living","no larva",0.0980485476207884
"76","Hydromantes_italicus",85,4.15666666666667,3.175,61,1.45565304893794,3,"Caudata","Salamandroidea","Plethodontidae","Hydromantes","italicus","no","nocturnal","scansorial","direct development","no free-living","no larva",0.0609853958928791
"77","Hydromantes_platycephalus",86,3.84833333333333,2.755,54.6666666666667,1.31471403929461,3,"Caudata","Salamandroidea","Plethodontidae","Hydromantes","platycephalus","no","nocturnal","scansorial","direct development","no free-living","no larva",0.0660617042548468
"78","Hynobius_abei",87,3.14666666666667,2.22833333333333,56.3333333333333,1.54743803935098,3,"Caudata","Cryptobranchoidea","Hynobiidae","Hynobius","abei","no","nocturnal","terrestrial","metamorphosizing","free-living","lentic water",-0.031921379655052
"79","Hynobius_amjiensis",88,4.095,2.64,82,2.29955883157793,1,"Caudata","Cryptobranchoidea","Hynobiidae","Hynobius","amjiensis","no",NA,"terrestrial","metamorphosizing","free-living","lentic water",-0.0495427548801662
"80","Hynobius_chinensis",89,3.44,2.23666666666667,64.3333333333333,1.78137542236894,3,"Caudata","Cryptobranchoidea","Hynobiidae","Hynobius","chinensis","no",NA,"terrestrial","metamorphosizing","free-living","lentic water",-0.0399110683622982
"81","Hynobius_kimurae",90,3.735,2.50666666666667,69.3333333333333,1.99045197950593,3,"Caudata","Cryptobranchoidea","Hynobiidae","Hynobius","kimurae","no","nocturnal","terrestrial","metamorphosizing","free-living","lotic water",-0.0304998813456062
"82","Hynobius_leechii",91,3.10666666666667,2.02,55,1.48297822749714,3,"Caudata","Cryptobranchoidea","Hynobiidae","Hynobius","leechii","no","nocturnal","terrestrial","metamorphosizing","free-living","lentic water",-0.0290540753305764
"83","Hynobius_lichenatus",92,3.40666666666667,2.27333333333333,63,1.56836721373127,3,"Caudata","Cryptobranchoidea","Hynobiidae","Hynobius","lichenatus","no",NA,"terrestrial","metamorphosizing","free-living","lentic water",-0.036775002494154
"84","Hynobius_naevius",93,3.635,2.305,70,2,1,"Caudata","Cryptobranchoidea","Hynobiidae","Hynobius","naevius","no","nocturnal","terrestrial","metamorphosizing","free-living","lotic water",-0.0456512612637217
"85","Hynobius_nebulosus",94,2.85166666666667,1.77166666666667,51,1.50556855835921,3,"Caudata","Cryptobranchoidea","Hynobiidae","Hynobius","nebulosus","no","nocturnal","terrestrial","metamorphosizing","free-living","lentic water",-0.0396970208950249
"86","Hynobius_nigrescens",95,4.34,2.87,76.6666666666667,2.32910729564008,3,"Caudata","Cryptobranchoidea","Hynobiidae","Hynobius","nigrescens","no","nocturnal","terrestrial","metamorphosizing","free-living","lentic water",-0.00065704270843836
"87","Hynobius_sonani",96,3.49333333333333,2.74666666666667,61,1.49372638643176,3,"Caudata","Cryptobranchoidea","Hynobiidae","Hynobius","sonani","no",NA,"terrestrial","metamorphosizing","free-living","lotic water",-0.0145197749379563
"88","Hynobius_tsuensis",97,3.60166666666667,2.41,72.6666666666667,1.99640762342255,3,"Caudata","Cryptobranchoidea","Hynobiidae","Hynobius","tsuensis","no",NA,"terrestrial","metamorphosizing","free-living","lotic water",-0.0627998431462629
"89","Ichthyosaura_alpestris",98,3.53666666666667,2.37333333333333,46.6666666666667,1.50001152249738,3,"Caudata","Salamandroidea","Salamandridae","Ichthyosaura","alpestris","no","nocturnal","semiaquatic","metamorphosizing","free-living","lentic water",0.0850241354208183
"90","Lissotriton_boscai",99,2.54,1.77833333333333,31.6666666666667,0.911953904381452,3,"Caudata","Salamandroidea","Salamandridae","Lissotriton","boscai","no","both","semiaquatic","metamorphosizing","free-living","both",0.0776251800102949
"91","Lissotriton_helveticus",100,3.29666666666667,2.27166666666667,43.3333333333333,1.40965608594756,3,"Caudata","Salamandroidea","Salamandridae","Lissotriton","helveticus","no","both","semiaquatic","metamorphosizing","free-living","lentic water",0.0805658202133587
"92","Lissotriton_italicus",101,2.6125,2.025,33,1.1091152679539,2,"Caudata","Salamandroidea","Salamandridae","Lissotriton","italicus","no","both","semiaquatic","metamorphosizing","free-living","lentic water",0.0753442817377252
"93","Lissotriton_montandoni",102,3.64,2.64333333333333,49,1.51136065703116,3,"Caudata","Salamandroidea","Salamandridae","Lissotriton","montandoni","no","both","semiaquatic","metamorphosizing","free-living","both",0.0803738620814231
"94","Lissotriton_vulgaris",103,3.55,2.625,47.5,1.51212868054567,2,"Caudata","Salamandroidea","Salamandridae","Lissotriton","vulgaris","no","both","semiaquatic","metamorphosizing","free-living","lentic water",0.0804341337475333
"95","Liua_shihi",104,4.40666666666667,3.24833333333333,84,2.09472701516805,3,"Caudata","Cryptobranchoidea","Hynobiidae","Liua","shihi","no",NA,"aquatic","metamorphosizing","free-living","lotic water",-0.0261605950024553
"96","Lyciasalamandra_luschani",105,5.45166666666667,4.055,79,1.83291331498117,3,"Caudata","Salamandroidea","Salamandridae","Lyciasalamandra","luschani","no","nocturnal","terrestrial","direct development","no free-living","no larva",0.0878394751686667
"97","Mertensiella_caucasica",106,3.595,2.645,57,1.53545180813751,1,"Caudata","Salamandroidea","Salamandridae","Mertensiella","caucasica","no","nocturnal","terrestrial","metamorphosizing","free-living","lotic water",0.0217895564377044
"98","Neurergus_crocatus",111,5.245,3.49,56,1.75332700420673,1,"Caudata","Salamandroidea","Salamandridae","Neurergus","crocatus","no","nocturnal","semiaquatic","metamorphosizing","free-living","lotic water",0.19206037979508
"99","Neurergus_strauchii",112,4.80666666666667,3.445,80.3333333333333,2.10585283533842,3,"Caudata","Salamandroidea","Salamandridae","Neurergus","strauchii","no","nocturnal","semiaquatic","metamorphosizing","free-living","lotic water",0.0272685340065971
"100","Notophthalmus_viridescens",113,3.71333333333333,2.56833333333333,43,1.28650643389946,3,"Caudata","Salamandroidea","Salamandridae","Notophthalmus","viridescens","no","both","semiaquatic","metamorphosizing","free-living","lentic water",0.134970250808146
"101","Onychodactylus_fischeri",115,4.57833333333333,3.02666666666667,72,1.78363687555187,3,"Caudata","Cryptobranchoidea","Hynobiidae","Onychodactylus","fischeri","no","nocturnal","terrestrial","metamorphosizing","free-living","lotic water",0.0446451742968684
"102","Onychodactylus_japonicus",116,4.09,2.83166666666667,71.6666666666667,1.84792974193433,3,"Caudata","Cryptobranchoidea","Hynobiidae","Onychodactylus","japonicus","no",NA,"terrestrial","metamorphosizing","free-living","lotic water",-0.00270709288607052
"103","Pachyhynobius_shangchengensis",117,4.87333333333333,2.82666666666667,116.333333333333,3.1720161187641,3,"Caudata","Cryptobranchoidea","Hynobiidae","Pachyhynobius","shangchengensis","no","nocturnal","aquatic","metamorphosizing","free-living","lotic water",-0.0969600944467393
"104","Pachytriton_brevipes",118,3.62166666666667,2.57333333333333,64,2.02891986234004,3,"Caudata","Salamandroidea","Salamandridae","Pachytriton","brevipes","no","nocturnal","aquatic","metamorphosizing","free-living","lotic water",-0.0157342279644787
"105","Paradactylodon_mustersi",119,4.72916666666667,3.24333333333333,82.5,2.14134734466507,6,"Caudata","Cryptobranchoidea","Hynobiidae","Paradactylodon","mustersi","no",NA,"aquatic","metamorphosizing","free-living","lentic water",0.010850204154722
"106","Paramesotriton_deloustali",120,6.1,4.135,103,3.03114467665555,2,"Caudata","Salamandroidea","Salamandridae","Paramesotriton","deloustali","no",NA,"aquatic","metamorphosizing","free-living","both",0.0433513681840493
"107","Paramesotriton_hongkongensis",121,5.11333333333333,3.61,74,2.01142882763125,3,"Caudata","Salamandroidea","Salamandridae","Paramesotriton","hongkongensis","no","nocturnal","terrestrial","metamorphosizing","free-living","both",0.083006758865714
"108","Plethodon_albagula",122,3.39,2.45,60,1.43500611480635,3,"Caudata","Salamandroidea","Plethodontidae","Plethodon","albagula","no","nocturnal","terrestrial","direct development","no free-living","no larva",-0.0217474175633311
"109","Plethodon_cinereus",123,2.10166666666667,1.49833333333333,42.3333333333333,0.949619625075879,3,"Caudata","Salamandroidea","Plethodontidae","Plethodon","cinereus","no","nocturnal","terrestrial","direct development","no free-living","no larva",-0.10673505665613
"110","Plethodon_dunni",124,3.105,2.26166666666667,63.3333333333333,1.52628287625961,3,"Caudata","Salamandroidea","Plethodontidae","Plethodon","dunni","no","nocturnal","terrestrial","direct development","no free-living","no larva",-0.0788987666541902
"111","Plethodon_elongatus",125,2.75833333333333,1.83,61,1.36913231153065,3,"Caudata","Salamandroidea","Plethodontidae","Plethodon","elongatus","no",NA,"terrestrial","direct development","no free-living","no larva",-0.117113055137908
"112","Plethodon_glutinosus",126,3.98,3.05,74,1.89718692529995,3,"Caudata","Salamandroidea","Plethodontidae","Plethodon","glutinosus","no","nocturnal","terrestrial","direct development","no free-living","no larva",-0.0258142739538976
"113","Plethodon_idahoensis",127,3.17166666666667,2.39666666666667,51,1.14091441046828,3,"Caudata","Salamandroidea","Plethodontidae","Plethodon","idahoensis","no","nocturnal","semiaquatic","direct development","no free-living","no larva",0.00649175785089529
"114","Plethodon_jordani",128,3.52166666666667,2.61166666666667,56.3333333333333,1.45401989705096,3,"Caudata","Salamandroidea","Plethodontidae","Plethodon","jordani","no","nocturnal","terrestrial","direct development","no free-living","no larva",0.0169761274352112
"115","Plethodon_vehiculum",129,2.605,1.95333333333333,50,1.19146811708399,3,"Caudata","Salamandroidea","Plethodontidae","Plethodon","vehiculum","no","nocturnal","terrestrial","direct development","no free-living","no larva",-0.0720242691572336
"116","Pleurodeles_poireti",130,2.845,1.985,49,1.39590640938178,1,"Caudata","Salamandroidea","Salamandridae","Pleurodeles","poireti","no",NA,"semiaquatic","metamorphosizing","free-living","lentic water",-0.026645250836543
"117","Pleurodeles_waltl",131,4.15,2.66625,78.5,2.21191076229758,4,"Caudata","Salamandroidea","Salamandridae","Pleurodeles","waltl","no","nocturnal","semiaquatic","metamorphosizing","free-living","lentic water",-0.0284089552302018
"118","Pseudotriton_montanus",135,2.865,2.145,57,1.38730010917983,1,"Caudata","Salamandroidea","Plethodontidae","Pseudotriton","montanus","no","nocturnal","semiaquatic","metamorphosizing","free-living","lotic water",-0.0767847119777882
"119","Pseudotriton_ruber",136,3.24166666666667,2.17,66.3333333333333,1.61103971448678,3,"Caudata","Salamandroidea","Plethodontidae","Pseudotriton","ruber","no","nocturnal","semiaquatic","metamorphosizing","free-living","lotic water",-0.0764670851071203
"120","Ranodon_sibiricus",137,4.97666666666667,4.14,88,2.19045788958219,3,"Caudata","Cryptobranchoidea","Hynobiidae","Ranodon","sibiricus","no","nocturnal","semiaquatic","metamorphosizing","free-living","lotic water",0.0103085492076024
"121","Rhyacotriton_cascadae",138,3.30166666666667,2.35666666666667,48.6666666666667,1.14585876890656,3,"Caudata","Salamandroidea","Rhyacotritonidae","Rhyacotriton","cascadae","no",NA,"semiaquatic","metamorphosizing","free-living","lotic water",0.0404061194804562
"122","Rhyacotriton_olympicus",139,3.84166666666667,2.795,61.6666666666667,1.57541021870105,3,"Caudata","Salamandroidea","Rhyacotritonidae","Rhyacotriton","olympicus","no","nocturnal","semiaquatic","metamorphosizing","free-living","lotic water",0.0229374522880744
"123","Rhyacotriton_variegatus",140,3.53333333333333,2.64166666666667,52.3333333333333,1.36521494885104,3,"Caudata","Salamandroidea","Rhyacotritonidae","Rhyacotriton","variegatus","no",NA,"semiaquatic","metamorphosizing","free-living","lotic water",0.044313241300731
"124","Salamandra_atra",141,4.4075,3.1525,69.5,1.73826459758008,2,"Caudata","Salamandroidea","Salamandridae","Salamandra","atra","no","nocturnal","terrestrial","direct development","no free-living","no larva",0.0405575123894495
"125","Salamandra_salamandra",142,5.765,3.63,90,2.53497508232688,1,"Caudata","Salamandroidea","Salamandridae","Salamandra","salamandra","no","both","terrestrial","metamorphosizing","free-living","lentic water",0.0662665131663863
"126","Salamandrella_keyserlingii",143,3.56,2.30833333333333,63.3333333333333,1.61029963762106,3,"Caudata","Cryptobranchoidea","Hynobiidae","Salamandrella","keyserlingii","no","nocturnal","terrestrial","metamorphosizing","free-living","lentic water",-0.019510373193914
"127","Salamandrina_terdigitata",144,2.64833333333333,1.77166666666667,34.3333333333333,0.910809701011475,3,"Caudata","Salamandroidea","Salamandridae","Salamandrina","terdigitata","no","nocturnal","terrestrial","metamorphosizing","free-living","lotic water",0.0673316972520825
"128","Stereochilus_marginatus",147,1.835,1.375,49.5,1.41870826196276,2,"Caudata","Salamandroidea","Plethodontidae","Stereochilus","marginatus","no",NA,"aquatic","metamorphosizing","free-living","lentic water",-0.220661631491195
"129","Taricha_granulosa",148,4.97333333333333,3.51,90.3333333333333,2.78479538718254,3,"Caudata","Salamandroidea","Salamandridae","Taricha","granulosa","no","nocturnal","semiaquatic","metamorphosizing","free-living","lentic water",0.000814733119281374
"130","Taricha_rivularis",149,5.46833333333333,3.92166666666667,68.3333333333333,2.46598820474599,3,"Caudata","Salamandroidea","Salamandridae","Taricha","rivularis","no","both","semiaquatic","metamorphosizing","free-living","lotic water",0.140173437999437
"131","Taricha_torosa",150,4.95333333333333,3.61833333333333,75.3333333333333,2.40372216470543,3,"Caudata","Salamandroidea","Salamandridae","Taricha","torosa","no","diurnal","semiaquatic","metamorphosizing","free-living","lentic water",0.0629204067475726
"132","Thorius_boreas",151,1.535,1.075,31,0.788373516310524,1,"Caudata","Salamandroidea","Plethodontidae","Thorius","boreas","no",NA,"subfossorial","direct development","no free-living","no larva",-0.133617756158323
"133","Thorius_pennatulus",152,1.40666666666667,0.981666666666667,19,0.600584780878617,3,"Caudata","Salamandroidea","Plethodontidae","Thorius","pennatulus","no",NA,"subfossorial","direct development","no free-living","no larva",0.000619375215880374
"134","Triturus_carnifex",153,3.75333333333333,2.73,61.6666666666667,1.51518827356168,3,"Caudata","Salamandroidea","Salamandridae","Triturus","carnifex","no","nocturnal","semiaquatic","metamorphosizing","free-living","lentic water",0.0128349087417153
"135","Triturus_cristatus",154,4.49,3.33666666666667,68,2.01160589833375,3,"Caudata","Salamandroidea","Salamandridae","Triturus","cristatus","no","nocturnal","semiaquatic","metamorphosizing","free-living","lentic water",0.0562844090916124
"136","Triturus_karelinii",155,4.92,3.76,73.6666666666667,1.96006664324442,3,"Caudata","Salamandroidea","Salamandridae","Triturus","karelinii","no","nocturnal","semiaquatic","metamorphosizing","free-living","lentic water",0.0678553872599854
"137","Tylototriton_shanjing",156,4.885,3.17333333333333,74.6666666666667,2.33977311820402,3,"Caudata","Salamandroidea","Salamandridae","Tylototriton","shanjing","no","both","semiaquatic","metamorphosizing","free-living","lentic water",0.0600133034610665
"138","Tylototriton_taliangensis",157,4.23833333333333,2.765,72.6666666666667,2.15653647070153,3,"Caudata","Salamandroidea","Salamandridae","Tylototriton","taliangensis","no","both","semiaquatic","metamorphosizing","free-living","lentic water",0.0078917501462038
"139","Tylototriton_verrucosus",158,4.74166666666667,3.26166666666667,76.3333333333333,2.45207094171562,3,"Caudata","Salamandroidea","Salamandridae","Tylototriton","verrucosus","no","both","semiaquatic","metamorphosizing","free-living","lentic water",0.0393165362280679
