,Order,Suborder,Family,Subfamily,Genus,Species,Genus_Species,Museum,SpecimenNumber,Sex,Stage,Gill_Presence,SVL_cm,SVL_mm,Mass_g,ED_left_mm,ED_right_mm,CD_left_mm,CD_right_mm,Measured_by
1,Caudata,Salamandroidea,Ambystomatidae,NA,Ambystoma,amblycephalum,Ambystoma_amblycephalum,CAS,134063,NA,NA,yes,7.3,73,11.58,3.96,4.11,2.94,2.93,Nicole_Bednarik
2,Caudata,Salamandroidea,Ambystomatidae,NA,Ambystoma,amblycephalum,Ambystoma_amblycephalum,CAS,87834,NA,NA,yes,6,60,9.34,3.63,3.82,2.11,2.42,Nicole_Bednarik
3,Caudata,Salamandroidea,Ambystomatidae,NA,Ambystoma,annulatum,Ambystoma_annulatum,CAS,187343,NA,adult,no,8,80,8.97,3.17,3.1,1.99,2.06,Nicole_Bednarik
4,Caudata,Salamandroidea,Ambystomatidae,NA,Ambystoma,annulatum,Ambystoma_annulatum,CAS,255181,NA,NA,no,8,80,8.39,3.51,3.45,2.44,2.34,Nicole_Bednarik
5,Caudata,Salamandroidea,Ambystomatidae,NA,Ambystoma,annulatum,Ambystoma_annulatum,CAS,255182,NA,NA,no,8.8,88,12.12,3.6,3.4,2.43,2.2,Nicole_Bednarik
6,Caudata,Salamandroidea,Ambystomatidae,NA,Ambystoma,bishopi,Ambystoma_bishopi,CAS,74299,NA,NA,no,6,60,3.77,2.58,2.98,1.7,1.7,Nicole_Bednarik
7,Caudata,Salamandroidea,Ambystomatidae,NA,Ambystoma,bishopi,Ambystoma_bishopi,MVZ,52681,NA,adult_juv,no,5.6,56,3.29,2.17,2.24,1.75,1.52,Nicole_Bednarik
8,Caudata,Salamandroidea,Ambystomatidae,NA,Ambystoma,californiense,Ambystoma_californiense,CAS,8536,male,adult,no,10.2,102,26.53,5.2,5.25,3.32,3.37,Nicole_Bednarik
9,Caudata,Salamandroidea,Ambystomatidae,NA,Ambystoma,californiense,Ambystoma_californiense,CAS,8537,female,adult,no,10.3,103,29,4.83,4.77,3.33,3.56,Nicole_Bednarik
10,Caudata,Salamandroidea,Ambystomatidae,NA,Ambystoma,californiense,Ambystoma_californiense,CAS,8538,female,adult,no,11.5,115,46.87,4.87,4.95,4.11,3.62,Nicole_Bednarik
11,Caudata,Salamandroidea,Ambystomatidae,NA,Ambystoma,dumerilii,Ambystoma_dumerilii,CAS,134062,NA,juv,yes,16.9,169,131.83,5.63,5.83,3.2,3.25,Nicole_Bednarik
12,Caudata,Salamandroidea,Ambystomatidae,NA,Ambystoma,dumerilii,Ambystoma_dumerilii,NHMUK/BMNH,1914.1.28.247,NA,NA,yes,14.475,144.75,78,4.6,4.09,4.24,4,KatieThomas_JeffreyStreicher
13,Caudata,Salamandroidea,Ambystomatidae,NA,Ambystoma,dumerilii,Ambystoma_dumerilii,NHMUK/BMNH,1914.1.28.248,NA,NA,yes,12.521,125.21,58,NA,NA,3.2,2.77,KatieThomas_JeffreyStreicher
14,Caudata,Salamandroidea,Ambystomatidae,NA,Ambystoma,gracile,Ambystoma_gracile,CAS,2204,female,adult,no,10.9,109,15.4,5.28,5.52,4.22,3.97,Nicole_Bednarik
15,Caudata,Salamandroidea,Ambystomatidae,NA,Ambystoma,gracile,Ambystoma_gracile,CAS,252487,NA,juv,no,7.4,74,10.03,5.56,5.78,4.19,4.14,Nicole_Bednarik
16,Caudata,Salamandroidea,Ambystomatidae,NA,Ambystoma,gracile,Ambystoma_gracile,CAS,187357,NA,adult_juv,no,7,70,11.17,5.07,4.95,3.96,3.89,Nicole_Bednarik
17,Caudata,Salamandroidea,Ambystomatidae,NA,Ambystoma,granulosum,Ambystoma_granulosum,MVZ,164626,NA,adult_juv,no,6.3,63,5,3.44,3.37,2.07,2.26,Nicole_Bednarik
18,Caudata,Salamandroidea,Ambystomatidae,NA,Ambystoma,jeffersonianum,Ambystoma_jeffersonianum,CAS,6824,NA,adult,no,7.3,73,7.87,3.56,3.57,2.65,2.66,Nicole_Bednarik
19,Caudata,Salamandroidea,Ambystomatidae,NA,Ambystoma,jeffersonianum,Ambystoma_jeffersonianum,CAS,5118,NA,adult,no,6.6,66,6.67,2.99,3.21,2.39,2.12,Nicole_Bednarik
20,Caudata,Salamandroidea,Ambystomatidae,NA,Ambystoma,jeffersonianum,Ambystoma_jeffersonianum,CAS,6825,NA,NA,no,5.7,57,4.15,3.09,3.13,2.23,2.29,Nicole_Bednarik
21,Caudata,Salamandroidea,Ambystomatidae,NA,Ambystoma,macrodactylum,Ambystoma_macrodactylum,MVZ,252376,NA,NA,no,7.2,72,7,3.6,3.88,2.98,3,Nicole_Bednarik
22,Caudata,Salamandroidea,Ambystomatidae,NA,Ambystoma,macrodactylum,Ambystoma_macrodactylum,MVZ,252380,NA,NA,no,7.2,72,7.08,3.98,3.74,2.9,2.81,Nicole_Bednarik
23,Caudata,Salamandroidea,Ambystomatidae,NA,Ambystoma,macrodactylum,Ambystoma_macrodactylum,MVZ,252374,NA,NA,no,7.3,73,9.72,3.99,4.02,2.63,2.82,Nicole_Bednarik
24,Caudata,Salamandroidea,Ambystomatidae,NA,Ambystoma,macrodactylum,Ambystoma_macrodactylum,CAS,227171,NA,adult,no,6,60,3.89,3.82,3.85,2.58,2.69,Nicole_Bednarik
25,Caudata,Salamandroidea,Ambystomatidae,NA,Ambystoma,macrodactylum,Ambystoma_macrodactylum,CAS,227170,NA,adult,no,7.2,72,4.93,4.21,4.37,2.33,2.49,Nicole_Bednarik
26,Caudata,Salamandroidea,Ambystomatidae,NA,Ambystoma,macrodactylum,Ambystoma_macrodactylum,CAS,257865,NA,NA,no,5.9,59,3.26,3.66,3.87,2.26,2.16,Nicole_Bednarik
27,Caudata,Salamandroidea,Ambystomatidae,NA,Ambystoma,maculatum,Ambystoma_maculatum,CAS,5530,NA,adult,no,6.3,63,7.35,3.61,3.72,2.24,2.38,Nicole_Bednarik
28,Caudata,Salamandroidea,Ambystomatidae,NA,Ambystoma,maculatum,Ambystoma_maculatum,CAS,64912,NA,NA,no,9,90,11.06,4.19,4.27,2.84,3.24,Nicole_Bednarik
29,Caudata,Salamandroidea,Ambystomatidae,NA,Ambystoma,maculatum,Ambystoma_maculatum,CAS,64913,NA,NA,no,8.4,84,9.71,3.86,4.22,2.17,2.37,Nicole_Bednarik
30,Caudata,Salamandroidea,Ambystomatidae,NA,Ambystoma,mexicanum,Ambystoma_mexicanum,CAS,4323,male,adult_juv,yes,11,110,33.75,4.84,4.6,3.04,3.24,Nicole_Bednarik
31,Caudata,Salamandroidea,Ambystomatidae,NA,Ambystoma,mexicanum,Ambystoma_mexicanum,CAS,4324,male,adult_juv,yes,13.3,133,74.32,5.55,5.66,2.65,2.86,Nicole_Bednarik
32,Caudata,Salamandroidea,Ambystomatidae,NA,Ambystoma,mexicanum,Ambystoma_mexicanum,MVZ,162037,male,adult_juv,yes,12.6,126,61,4.7,4.79,2.88,2.66,Nicole_Bednarik
33,Caudata,Salamandroidea,Ambystomatidae,NA,Ambystoma,opacum,Ambystoma_opacum,CAS,15447,NA,NA,no,6.9,69,8.68,3.95,3.72,2.78,2.82,Nicole_Bednarik
34,Caudata,Salamandroidea,Ambystomatidae,NA,Ambystoma,opacum,Ambystoma_opacum,CAS,15437,NA,NA,no,6.6,66,3.9,3.6,3.9,2.83,2.75,Nicole_Bednarik
35,Caudata,Salamandroidea,Ambystomatidae,NA,Ambystoma,opacum,Ambystoma_opacum,CAS,15444,NA,NA,no,6.8,68,6.83,3.59,3.62,2.81,2.92,Nicole_Bednarik
36,Caudata,Salamandroidea,Ambystomatidae,NA,Ambystoma,ordinarium,Ambystoma_ordinarium,CAS,87835,NA,NA,yes,5.5,55,6.67,2.78,2.68,2.09,2.11,Nicole_Bednarik
37,Caudata,Salamandroidea,Ambystomatidae,NA,Ambystoma,rosaceum,Ambystoma_rosaceum,CAS,99368,NA,NA,yes,6.4,64,11.23,3.21,3.4,2.46,2.56,Nicole_Bednarik
38,Caudata,Salamandroidea,Ambystomatidae,NA,Ambystoma,rosaceum,Ambystoma_rosaceum,CAS,99363,NA,NA,yes,6.2,62,11.64,3.34,3.41,2.33,2.44,Nicole_Bednarik
39,Caudata,Salamandroidea,Ambystomatidae,NA,Ambystoma,rosaceum,Ambystoma_rosaceum,CAS,99362,NA,NA,yes,6.3,63,11.13,4.06,3.91,2.25,2.6,Nicole_Bednarik
40,Caudata,Salamandroidea,Ambystomatidae,NA,Ambystoma,talpoideum,Ambystoma_talpoideum,CAS,231703,NA,NA,no,4.2,42,1.32,2.49,2.58,1.63,1.49,Nicole_Bednarik
41,Caudata,Salamandroidea,Ambystomatidae,NA,Ambystoma,talpoideum,Ambystoma_talpoideum,CAS,15430,NA,NA,no,5.1,51,3.39,3.22,3.29,2.38,2.18,Nicole_Bednarik
42,Caudata,Salamandroidea,Ambystomatidae,NA,Ambystoma,texanum,Ambystoma_texanum,CAS,73927,NA,NA,no,8,80,7.92,3.16,3.41,2.16,2.12,Nicole_Bednarik
43,Caudata,Salamandroidea,Ambystomatidae,NA,Ambystoma,texanum,Ambystoma_texanum,CAS,73928,NA,NA,no,8.1,81,7.51,2.93,3.26,2.03,2.2,Nicole_Bednarik
44,Caudata,Salamandroidea,Ambystomatidae,NA,Ambystoma,texanum,Ambystoma_texanum,CAS,73929,NA,NA,no,6.3,63,4.66,2.59,2.5,1.75,1.71,Nicole_Bednarik
45,Caudata,Salamandroidea,Ambystomatidae,NA,Ambystoma,tigrinum,Ambystoma_tigrinum,CAS,187376,NA,adult,no,10.7,107,26.84,5.99,6.18,4.09,4.1,Nicole_Bednarik
46,Caudata,Salamandroidea,Ambystomatidae,NA,Ambystoma,tigrinum,Ambystoma_tigrinum,CAS,187377,NA,adult,no,9,90,22.35,5.22,5.84,3.96,3.91,Nicole_Bednarik
47,Caudata,Salamandroidea,Ambystomatidae,NA,Ambystoma,tigrinum,Ambystoma_tigrinum,CAS,187379,NA,adult,no,9.6,96,21.73,5.04,5.63,3.5,3.71,Nicole_Bednarik
48,Caudata,Salamandroidea,Amphiumidae,NA,Amphiuma,means,Amphiuma_means,CAS,172154,NA,adult,yes,50.5,505,323.19,NA,NA,4.2,4.64,Nicole_Bednarik
49,Caudata,Salamandroidea,Amphiumidae,NA,Amphiuma,means,Amphiuma_means,CAS,8644,NA,adult,yes,62.5,625,367.02,NA,NA,3.6,3.92,Nicole_Bednarik
50,Caudata,Salamandroidea,Amphiumidae,NA,Amphiuma,means,Amphiuma_means,CAS,7986,NA,adult,yes,49.9,499,283.38,NA,NA,2.77,2.36,Nicole_Bednarik
51,Caudata,Salamandroidea,Amphiumidae,NA,Amphiuma,tridactylum,Amphiuma_tridactylum,CAS,33231,NA,NA,yes,63.5,635,421,NA,NA,3.41,3.24,Nicole_Bednarik
52,Caudata,Salamandroidea,Amphiumidae,NA,Amphiuma,tridactylum,Amphiuma_tridactylum,CAS,92321,NA,adult,yes,47.7,477,138.4,NA,NA,2.9,2.4,Nicole_Bednarik
53,Caudata,Salamandroidea,Amphiumidae,NA,Amphiuma,tridactylum,Amphiuma_tridactylum,CAS,92322,NA,adult,yes,52.3,523,154.81,NA,NA,2.62,2.46,Nicole_Bednarik
54,Caudata,Cryptobranchoidea,Cryptobranchidae,NA,Andrias,davidianus,Andrias_davidianus,CAS,26787,NA,NA,no,44.4,444,1517,NA,NA,3.98,3.36,Nicole_Bednarik
55,Caudata,Cryptobranchoidea,Cryptobranchidae,NA,Andrias,davidianus,Andrias_davidianus,MVZ,204246,NA,adult_juv,no,23.2,232,153,NA,NA,4.91,4.33,Nicole_Bednarik
56,Caudata,Cryptobranchoidea,Cryptobranchidae,NA,Andrias,japonicus,Andrias_japonicus,CAS,16016,NA,NA,no,28.7,287,891,NA,NA,3.29,3.27,Nicole_Bednarik
57,Caudata,Cryptobranchoidea,Cryptobranchidae,NA,Andrias,japonicus,Andrias_japonicus,CAS,14162,NA,NA,no,27.7,277,440,NA,NA,3.14,2.89,Nicole_Bednarik
58,Caudata,Cryptobranchoidea,Cryptobranchidae,NA,Andrias,japonicus,Andrias_japonicus,MVZ,67810,NA,adult_juv,no,41.5,415,1342,NA,NA,4.08,4.02,Nicole_Bednarik
59,Caudata,Cryptobranchoidea,Cryptobranchidae,NA,Cryptobranchus,alleganiensis,Cryptobranchus_alleganiensis,CAS,74166,NA,NA,no,24.3,243,191.58,NA,NA,3.16,3.27,Nicole_Bednarik
60,Caudata,Cryptobranchoidea,Cryptobranchidae,NA,Cryptobranchus,alleganiensis,Cryptobranchus_alleganiensis,CAS,191065,NA,adult,no,25.1,251,251,NA,NA,4.12,3.59,Nicole_Bednarik
61,Caudata,Cryptobranchoidea,Cryptobranchidae,NA,Cryptobranchus,alleganiensis,Cryptobranchus_alleganiensis,CAS,5112,NA,NA,no,32.9,329,645,NA,NA,4.52,3.85,Nicole_Bednarik
62,Caudata,Cryptobranchoidea,Cryptobranchidae,NA,Cryptobranchus,alleganiensis,Cryptobranchus_alleganiensis,CAS,63965,NA,NA,no,31,310,556,NA,NA,3.16,3.66,Nicole_Bednarik
63,Caudata,Salamandroidea,Dicamptodontidae,NA,Dicamptodon,aterrimus,Dicamptodon_aterrimus,MVZ,187982,NA,adult,yes,13.2,132,45,6.14,6.08,4.47,4.58,Nicole_Bednarik
64,Caudata,Salamandroidea,Dicamptodontidae,NA,Dicamptodon,aterrimus,Dicamptodon_aterrimus,MVZ,187981,NA,adult,yes,11.4,114,38,5.17,5.32,3.82,4.36,Nicole_Bednarik
65,Caudata,Salamandroidea,Dicamptodontidae,NA,Dicamptodon,aterrimus,Dicamptodon_aterrimus,MVZ,187986,NA,adult,yes,11.5,115,23,5.46,5.69,4.56,4.55,Nicole_Bednarik
66,Caudata,Salamandroidea,Dicamptodontidae,NA,Dicamptodon,copei,Dicamptodon_copei,CAS,64778,NA,adult,yes,9.5,95,23.06,4.64,4.89,3.66,3.55,Nicole_Bednarik
67,Caudata,Salamandroidea,Dicamptodontidae,NA,Dicamptodon,copei,Dicamptodon_copei,CAS,186659,NA,adult,yes,9.6,96,17.1,3.73,4.01,3.14,3.18,Nicole_Bednarik
68,Caudata,Salamandroidea,Dicamptodontidae,NA,Dicamptodon,ensatus,Dicamptodon_ensatus,CAS,226128,NA,adult,no,14.3,143,70.2,8.35,8.17,6.17,6.12,Nicole_Bednarik
69,Caudata,Salamandroidea,Dicamptodontidae,NA,Dicamptodon,ensatus,Dicamptodon_ensatus,CAS,191534,NA,adult,no,13,130,69.9,7.47,7.17,5.95,5.38,Nicole_Bednarik
70,Caudata,Salamandroidea,Dicamptodontidae,NA,Dicamptodon,ensatus,Dicamptodon_ensatus,CAS,41712,NA,NA,no,17.4,174,101.74,9.64,9.7,6.57,6.35,Nicole_Bednarik
71,Caudata,Salamandroidea,Dicamptodontidae,NA,Dicamptodon,tenebrosus,Dicamptodon_tenebrosus,CAS,186845,NA,adult,no,13.6,136,79.43,7.87,8.22,6.05,6.78,Nicole_Bednarik
72,Caudata,Salamandroidea,Dicamptodontidae,NA,Dicamptodon,tenebrosus,Dicamptodon_tenebrosus,CAS,252405,NA,adult,no,15.8,158,131.74,8.17,8.94,5.14,5.69,Nicole_Bednarik
73,Caudata,Salamandroidea,Dicamptodontidae,NA,Dicamptodon,tenebrosus,Dicamptodon_tenebrosus,CAS,80086,NA,adult,no,12.9,129,53.57,7.23,7.43,6.02,6.05,Nicole_Bednarik
74,Caudata,Cryptobranchoidea,Hynobiidae,Hynobiinae,Batrachuperus,karlschmidti,Batrachuperus_karlschmidti,MVZ,234892,NA,adult_juv,no,7.3,73,6.18,3.85,3.71,2.24,2.76,Nicole_Bednarik
75,Caudata,Cryptobranchoidea,Hynobiidae,Hynobiinae,Batrachuperus,karlschmidti,Batrachuperus_karlschmidti,MVZ,234901,NA,adult_juv,no,7.4,74,8.08,3.97,4.14,2.93,2.76,Nicole_Bednarik
76,Caudata,Cryptobranchoidea,Hynobiidae,Hynobiinae,Batrachuperus,karlschmidti,Batrachuperus_karlschmidti,MVZ,234905,NA,adult_juv,no,7.3,73,6.77,3.89,4.12,2.94,2.92,Nicole_Bednarik
77,Caudata,Cryptobranchoidea,Hynobiidae,Hynobiinae,Batrachuperus,yenyuanensis,Batrachuperus_yenyuanensis,CAS,194500,NA,NA,no,7.9,79,13.08,4.75,4.65,3.6,3.34,Nicole_Bednarik
78,Caudata,Cryptobranchoidea,Hynobiidae,Hynobiinae,Batrachuperus,yenyuanensis,Batrachuperus_yenyuanensis,CAS,194489,NA,NA,no,9.2,92,14.72,4.87,5.38,3.67,3.98,Nicole_Bednarik
79,Caudata,Cryptobranchoidea,Hynobiidae,Hynobiinae,Batrachuperus,yenyuanensis,Batrachuperus_yenyuanensis,CAS,194492,NA,NA,no,8.4,84,13.47,4.48,4.68,3.06,3.41,Nicole_Bednarik
80,Caudata,Cryptobranchoidea,Hynobiidae,Hynobiinae,Hynobius,abei,Hynobius_abei,CAS,14155,adult,NA,no,5.2,52,3.64,3.05,3.03,2.08,2.13,Nicole_Bednarik
81,Caudata,Cryptobranchoidea,Hynobiidae,Hynobiinae,Hynobius,abei,Hynobius_abei,CAS,14156,adult,NA,no,5.7,57,4.11,2.97,2.8,2.22,2.14,Nicole_Bednarik
82,Caudata,Cryptobranchoidea,Hynobiidae,Hynobiinae,Hynobius,abei,Hynobius_abei,CAS,14157,adult,NA,no,6,60,3.39,3.55,3.48,2.39,2.41,Nicole_Bednarik
83,Caudata,Cryptobranchoidea,Hynobiidae,Hynobiinae,Hynobius,amjiensis,Hynobius_amjiensis,CAS,194376,NA,NA,no,8.2,82,12.16,4.25,3.94,2.47,2.81,Nicole_Bednarik
84,Caudata,Cryptobranchoidea,Hynobiidae,Hynobiinae,Hynobius,chinensis,Hynobius_chinensis,CAS,194377,NA,NA,no,6.4,64,5.77,3.3,3.21,2.1,2.18,Nicole_Bednarik
85,Caudata,Cryptobranchoidea,Hynobiidae,Hynobiinae,Hynobius,chinensis,Hynobius_chinensis,CAS,194378,NA,NA,no,6.6,66,6.27,3.78,3.66,2.65,2.34,Nicole_Bednarik
86,Caudata,Cryptobranchoidea,Hynobiidae,Hynobiinae,Hynobius,chinensis,Hynobius_chinensis,CAS,194379,NA,NA,no,6.3,63,4.97,3.14,3.55,1.96,2.19,Nicole_Bednarik
87,Caudata,Cryptobranchoidea,Hynobiidae,Hynobiinae,Hynobius,kimurae,Hynobius_kimurae,CAS,14159,NA,adult,no,7.3,73,6.85,3.6,3.51,2.38,2.56,Nicole_Bednarik
88,Caudata,Cryptobranchoidea,Hynobiidae,Hynobiinae,Hynobius,kimurae,Hynobius_kimurae,CAS,14160,NA,adult,no,7.5,75,10.34,3.93,3.76,2.6,2.47,Nicole_Bednarik
89,Caudata,Cryptobranchoidea,Hynobiidae,Hynobiinae,Hynobius,kimurae,Hynobius_kimurae,CAS,27258,NA,NA,no,6,60,6.79,3.86,3.75,2.52,2.51,Nicole_Bednarik
90,Caudata,Cryptobranchoidea,Hynobiidae,Hynobiinae,Hynobius,leechii,Hynobius_leechii,CAS,35969,NA,NA,no,6,60,4.11,3.34,3.41,2.03,2.07,Nicole_Bednarik
91,Caudata,Cryptobranchoidea,Hynobiidae,Hynobiinae,Hynobius,leechii,Hynobius_leechii,CAS,35964,NA,NA,no,5.1,51,2.85,2.75,2.66,1.96,1.95,Nicole_Bednarik
92,Caudata,Cryptobranchoidea,Hynobiidae,Hynobiinae,Hynobius,leechii,Hynobius_leechii,CAS,35966,NA,NA,no,5.4,54,2.92,3.27,3.21,2.1,2.01,Nicole_Bednarik
93,Caudata,Cryptobranchoidea,Hynobiidae,Hynobiinae,Hynobius,lichenatus,Hynobius_lichenatus,CAS,14146,NA,adult,no,6.5,65,4.29,3.53,3.73,2.6,2.55,Nicole_Bednarik
94,Caudata,Cryptobranchoidea,Hynobiidae,Hynobiinae,Hynobius,lichenatus,Hynobius_lichenatus,CAS,14147,NA,adult,no,6,60,3.51,3.24,3.19,2.04,2.16,Nicole_Bednarik
95,Caudata,Cryptobranchoidea,Hynobiidae,Hynobiinae,Hynobius,lichenatus,Hynobius_lichenatus,CAS,14149,NA,adult,no,6.4,64,3.8,3.37,3.38,2.14,2.15,Nicole_Bednarik
96,Caudata,Cryptobranchoidea,Hynobiidae,Hynobiinae,Hynobius,naevius,Hynobius_naevius,CAS,89955,NA,NA,no,7,70,8,3.78,3.49,2.32,2.29,Nicole_Bednarik
97,Caudata,Cryptobranchoidea,Hynobiidae,Hynobiinae,Hynobius,nebulosus,Hynobius_nebulosus,CAS,13163,NA,adult,no,5.4,54,3.34,2.8,2.98,1.75,1.92,Nicole_Bednarik
98,Caudata,Cryptobranchoidea,Hynobiidae,Hynobiinae,Hynobius,nebulosus,Hynobius_nebulosus,CAS,13164,NA,adult,no,5.2,52,3.79,3.06,2.87,1.69,1.76,Nicole_Bednarik
99,Caudata,Cryptobranchoidea,Hynobiidae,Hynobiinae,Hynobius,nebulosus,Hynobius_nebulosus,CAS,13165,NA,adult,no,4.7,47,3.13,2.75,2.65,1.65,1.86,Nicole_Bednarik
100,Caudata,Cryptobranchoidea,Hynobiidae,Hynobiinae,Hynobius,nigrescens,Hynobius_nigrescens,CAS,13166,NA,adult,no,7.5,75,15.9,4.07,4.55,2.59,2.84,Nicole_Bednarik
101,Caudata,Cryptobranchoidea,Hynobiidae,Hynobiinae,Hynobius,nigrescens,Hynobius_nigrescens,CAS,13167,NA,adult,no,7.5,75,11.12,4.08,4.03,2.37,2.48,Nicole_Bednarik
102,Caudata,Cryptobranchoidea,Hynobiidae,Hynobiinae,Hynobius,nigrescens,Hynobius_nigrescens,CAS,89956,NA,NA,no,8,80,11.25,4.59,4.72,3.56,3.38,Nicole_Bednarik
103,Caudata,Cryptobranchoidea,Hynobiidae,Hynobiinae,Hynobius,sonani,Hynobius_sonani,MVZ,197243,male,adult_juv,no,6.6,66,3.95,3.85,3.37,2.88,2.63,Nicole_Bednarik
104,Caudata,Cryptobranchoidea,Hynobiidae,Hynobiinae,Hynobius,sonani,Hynobius_sonani,MVZ,197242,male,adult_juv,no,5.6,56,3.27,3.38,3.29,2.59,2.67,Nicole_Bednarik
105,Caudata,Cryptobranchoidea,Hynobiidae,Hynobiinae,Hynobius,sonani,Hynobius_sonani,MVZ,197240,female,adult_juv,no,6.1,61,2.84,3.64,3.43,2.97,2.74,Nicole_Bednarik
106,Caudata,Cryptobranchoidea,Hynobiidae,Hynobiinae,Hynobius,tsuensis,Hynobius_tsuensis,CAS,26418,NA,NA,no,6.9,69,7.52,3.58,3.45,2.28,2.47,Nicole_Bednarik
107,Caudata,Cryptobranchoidea,Hynobiidae,Hynobiinae,Hynobius,tsuensis,Hynobius_tsuensis,CAS,26390,NA,NA,no,7.1,71,7.31,3.44,3.66,2.3,2.63,Nicole_Bednarik
108,Caudata,Cryptobranchoidea,Hynobiidae,Hynobiinae,Hynobius,tsuensis,Hynobius_tsuensis,CAS,26432,NA,NA,no,7.8,78,9.12,3.8,3.68,2.44,2.34,Nicole_Bednarik
109,Caudata,Cryptobranchoidea,Hynobiidae,Hynobiinae,Liua,shihi,Liua_shihi,MVZ,231147,NA,adult_juv,no,8.9,89,10.92,4.49,4.37,3.16,3.23,Nicole_Bednarik
110,Caudata,Cryptobranchoidea,Hynobiidae,Hynobiinae,Liua,shihi,Liua_shihi,MVZ,231149,NA,adult_juv,no,8,80,7.1,4.48,4.07,3.37,3.34,Nicole_Bednarik
111,Caudata,Cryptobranchoidea,Hynobiidae,Hynobiinae,Liua,shihi,Liua_shihi,MVZ,231146,NA,adult_juv,no,8.3,83,9.85,4.6,4.43,3.16,3.23,Nicole_Bednarik
112,Caudata,Cryptobranchoidea,Hynobiidae,Onychodactylinae,Onychodactylus,fischeri,Onychodactylus_fischeri,CAS,32170,NA,NA,no,8.2,82,8.76,5.04,4.92,3.59,3.2,Nicole_Bednarik
113,Caudata,Cryptobranchoidea,Hynobiidae,Onychodactylinae,Onychodactylus,fischeri,Onychodactylus_fischeri,CAS,32171,NA,NA,no,5.8,58,3.07,3.81,3.92,2.55,2.01,Nicole_Bednarik
114,Caudata,Cryptobranchoidea,Hynobiidae,Onychodactylinae,Onychodactylus,fischeri,Onychodactylus_fischeri,CAS,32172,NA,NA,no,7.6,76,6.19,4.9,4.88,3.55,3.26,Nicole_Bednarik
115,Caudata,Cryptobranchoidea,Hynobiidae,Onychodactylinae,Onychodactylus,japonicus,Onychodactylus_japonicus,CAS,14161,female,adult,no,7,70,6.97,4.09,4.1,3.07,2.93,Nicole_Bednarik
116,Caudata,Cryptobranchoidea,Hynobiidae,Onychodactylinae,Onychodactylus,japonicus,Onychodactylus_japonicus,MVZ,129400,NA,adult,no,7.3,73,6.24,4.08,4.07,3.07,2.98,Nicole_Bednarik
117,Caudata,Cryptobranchoidea,Hynobiidae,Onychodactylinae,Onychodactylus,japonicus,Onychodactylus_japonicus,MVZ,129401,NA,adult_juv,no,7.2,72,5.76,4.2,4,2.44,2.5,Nicole_Bednarik
118,Caudata,Cryptobranchoidea,Hynobiidae,Hynobiinae,Pachyhynobius,shangchengensis,Pachyhynobius_shangchengensis,CAS,194245,NA,adult,no,11.6,116,30,5.08,4.95,2.97,2.9,Nicole_Bednarik
119,Caudata,Cryptobranchoidea,Hynobiidae,Hynobiinae,Pachyhynobius,shangchengensis,Pachyhynobius_shangchengensis,CAS,194234,NA,adult,no,11.1,111,30.6,4.55,4.79,2.76,2.86,Nicole_Bednarik
120,Caudata,Cryptobranchoidea,Hynobiidae,Hynobiinae,Pachyhynobius,shangchengensis,Pachyhynobius_shangchengensis,CAS,194247,NA,adult,no,12.2,122,35.32,4.81,5.06,2.64,2.83,Nicole_Bednarik
121,Caudata,Cryptobranchoidea,Hynobiidae,Hynobiinae,Paradactylodon,mustersi,Paradactylodon_mustersi,CAS,147018,NA,NA,no,9.6,96,17.37,5.36,5.49,3.44,3.83,Nicole_Bednarik
122,Caudata,Cryptobranchoidea,Hynobiidae,Hynobiinae,Paradactylodon,mustersi,Paradactylodon_mustersi,CAS,147025,NA,NA,no,9.1,91,12.8,5.59,5.45,3.18,3.69,Nicole_Bednarik
123,Caudata,Cryptobranchoidea,Hynobiidae,Hynobiinae,Paradactylodon,mustersi,Paradactylodon_mustersi,CAS,147009,NA,NA,no,8.9,89,9.52,4.77,4.72,3.45,3.44,Nicole_Bednarik
124,Caudata,Cryptobranchoidea,Hynobiidae,Hynobiinae,Paradactylodon,mustersi,Paradactylodon_mustersi,MVZ,236809,NA,adult_juv,no,6.1,61,5.63,3.97,3.95,2.97,2.88,Nicole_Bednarik
125,Caudata,Cryptobranchoidea,Hynobiidae,Hynobiinae,Paradactylodon,mustersi,Paradactylodon_mustersi,MVZ,236804,NA,adult_juv,no,8,80,8.06,4.65,4.38,3.15,2.79,Nicole_Bednarik
126,Caudata,Cryptobranchoidea,Hynobiidae,Hynobiinae,Paradactylodon,mustersi,Paradactylodon_mustersi,MVZ,236807,NA,adult_juv,no,7.8,78,8.19,4.31,4.11,3.09,3.01,Nicole_Bednarik
127,Caudata,Cryptobranchoidea,Hynobiidae,Hynobiinae,Ranodon,sibiricus,Ranodon_sibiricus,CAS,199694,NA,adult,no,8.3,83,10.72,4.72,4.4,3.67,3.9,Nicole_Bednarik
128,Caudata,Cryptobranchoidea,Hynobiidae,Hynobiinae,Ranodon,sibiricus,Ranodon_sibiricus,CAS,199695,NA,adult,no,9.2,92,8.96,5.21,4.96,4.52,4.2,Nicole_Bednarik
129,Caudata,Cryptobranchoidea,Hynobiidae,Hynobiinae,Ranodon,sibiricus,Ranodon_sibiricus,CAS,199692,NA,adult,no,8.9,89,12,5.35,5.22,4.43,4.12,Nicole_Bednarik
130,Caudata,Cryptobranchoidea,Hynobiidae,Hynobiinae,Salamandrella,keyserlingii,Salamandrella_keyserlingii,CAS,194151,NA,adult,no,6.6,66,4.59,3.66,3.46,2.4,2.44,Nicole_Bednarik
131,Caudata,Cryptobranchoidea,Hynobiidae,Hynobiinae,Salamandrella,keyserlingii,Salamandrella_keyserlingii,CAS,194152,NA,adult,no,6.4,64,4.13,3.73,3.69,2.16,2.11,Nicole_Bednarik
132,Caudata,Cryptobranchoidea,Hynobiidae,Hynobiinae,Salamandrella,keyserlingii,Salamandrella_keyserlingii,CAS,194154,NA,adult,no,6,60,3.83,3.4,3.42,2.42,2.32,Nicole_Bednarik
133,Caudata,Salamandroidea,Plethodontidae,Plethodontinae,Aneides,aeneus,Aneides_aeneus,CAS,11300,NA,adult,no,6,60,3.78,3.73,3.78,2.45,2.47,Nicole_Bednarik
134,Caudata,Salamandroidea,Plethodontidae,Plethodontinae,Aneides,aeneus,Aneides_aeneus,CAS,11303,NA,adult_juv,no,6,60,2.77,3.72,3.9,2.84,2.8,Nicole_Bednarik
135,Caudata,Salamandroidea,Plethodontidae,Plethodontinae,Aneides,aeneus,Aneides_aeneus,CAS,11304,NA,adult,no,6.1,61,2.74,3.66,3.78,2.63,2.85,Nicole_Bednarik
136,Caudata,Salamandroidea,Plethodontidae,Plethodontinae,Aneides,ferreus,Aneides_ferreus,CAS,4740,NA,adult,no,6.3,63,4.05,3.68,3.37,2.27,2.5,Nicole_Bednarik
137,Caudata,Salamandroidea,Plethodontidae,Plethodontinae,Aneides,ferreus,Aneides_ferreus,CAS,4744,NA,adult,no,5.8,58,3.01,3.53,3.45,2.47,2.37,Nicole_Bednarik
138,Caudata,Salamandroidea,Plethodontidae,Plethodontinae,Aneides,ferreus,Aneides_ferreus,CAS,4745,NA,adult,no,5.3,53,2.24,3.33,3.26,2.43,2.31,Nicole_Bednarik
139,Caudata,Salamandroidea,Plethodontidae,Plethodontinae,Aneides,flavipunctatus,Aneides_flavipunctatus,CAS,252606,NA,adult,no,6.2,62,2.53,3.49,3.34,2.22,2.2,Nicole_Bednarik
140,Caudata,Salamandroidea,Plethodontidae,Plethodontinae,Aneides,flavipunctatus,Aneides_flavipunctatus,CAS,252614,NA,adult,no,6.6,66,2.82,3.26,3.41,2.01,2.31,Nicole_Bednarik
141,Caudata,Salamandroidea,Plethodontidae,Plethodontinae,Aneides,flavipunctatus,Aneides_flavipunctatus,CAS,252616,NA,adult_juv,no,5.2,52,1.33,2.82,2.72,1.89,2.2,Nicole_Bednarik
142,Caudata,Salamandroidea,Plethodontidae,Plethodontinae,Aneides,hardii,Aneides_hardii,CAS,81352,NA,NA,no,4.6,46,1.02,2.69,2.72,1.78,2,Nicole_Bednarik
143,Caudata,Salamandroidea,Plethodontidae,Plethodontinae,Aneides,hardii,Aneides_hardii,CAS,81353,NA,NA,no,4.4,44,1.03,2.7,2.54,1.63,1.58,Nicole_Bednarik
144,Caudata,Salamandroidea,Plethodontidae,Plethodontinae,Aneides,hardii,Aneides_hardii,CAS,7776,NA,NA,no,4.9,49,1.77,3.01,3.04,1.97,1.98,Nicole_Bednarik
145,Caudata,Salamandroidea,Plethodontidae,Plethodontinae,Aneides,lugubris,Aneides_lugubris,CAS,17941,NA,adult,no,8.2,82,7.82,4.44,4.66,3.07,3.28,Nicole_Bednarik
146,Caudata,Salamandroidea,Plethodontidae,Plethodontinae,Aneides,lugubris,Aneides_lugubris,CAS,17942,NA,adult,no,8.6,86,5.91,4.57,4.57,3.58,3.75,Nicole_Bednarik
147,Caudata,Salamandroidea,Plethodontidae,Plethodontinae,Aneides,lugubris,Aneides_lugubris,CAS,17943,NA,adult,no,8.6,86,7.87,4.98,5.03,3.7,3.94,Nicole_Bednarik
148,Caudata,Salamandroidea,Plethodontidae,Plethodontinae,Aneides,niger,Aneides_niger,CAS,186968,male,adult,no,7.6,76,6.1,3.54,3.62,2.8,2.78,Nicole_Bednarik
149,Caudata,Salamandroidea,Plethodontidae,Plethodontinae,Aneides,niger,Aneides_niger,CAS,186969,female,adult,no,7.3,73,4.91,3.49,3.39,2.53,2.38,Nicole_Bednarik
150,Caudata,Salamandroidea,Plethodontidae,Plethodontinae,Aneides,niger,Aneides_niger,CAS,186970,female,adult,no,7.2,72,4.94,3.38,3.2,2.5,2.46,Nicole_Bednarik
151,Caudata,Salamandroidea,Plethodontidae,Plethodontinae,Aneides,vagrans,Aneides_vagrans,CAS,2620,NA,adult,no,7,70,3.98,3.4,3.38,2.3,2.21,Nicole_Bednarik
152,Caudata,Salamandroidea,Plethodontidae,Plethodontinae,Aneides,vagrans,Aneides_vagrans,CAS,2621,NA,adult,no,7.1,71,4.21,3.6,3.37,2.66,2.36,Nicole_Bednarik
153,Caudata,Salamandroidea,Plethodontidae,Plethodontinae,Aneides,vagrans,Aneides_vagrans,CAS,2622,NA,adult,no,6.5,65,3.64,3.54,3.45,2.57,2.72,Nicole_Bednarik
154,Caudata,Salamandroidea,Plethodontidae,Hemidactyliinae,Batrachoseps,attenuatus,Batrachoseps_attenuatus,CAS,180919,NA,adult,no,4,40,1,1.91,1.83,1.33,1.27,Nicole_Bednarik
155,Caudata,Salamandroidea,Plethodontidae,Hemidactyliinae,Batrachoseps,attenuatus,Batrachoseps_attenuatus,CAS,180918,NA,adult,no,4.2,42,0.93,1.95,1.85,1.39,1.31,Nicole_Bednarik
156,Caudata,Salamandroidea,Plethodontidae,Hemidactyliinae,Batrachoseps,attenuatus,Batrachoseps_attenuatus,CAS,180923,NA,adult,no,4.5,45,1.01,1.99,1.94,1.48,1.43,Nicole_Bednarik
157,Caudata,Salamandroidea,Plethodontidae,Hemidactyliinae,Batrachoseps,major,Batrachoseps_major,CAS,89727,NA,adult,no,4.6,46,1.35,2.72,2.92,1.99,1.8,Nicole_Bednarik
158,Caudata,Salamandroidea,Plethodontidae,Hemidactyliinae,Batrachoseps,major,Batrachoseps_major,CAS,89721,NA,adult,no,5.3,53,1.79,2.77,3.12,1.7,1.95,Nicole_Bednarik
159,Caudata,Salamandroidea,Plethodontidae,Hemidactyliinae,Batrachoseps,major,Batrachoseps_major,CAS,89717,NA,adult,no,4.6,46,1.39,2.75,2.72,1.67,1.67,Nicole_Bednarik
160,Caudata,Salamandroidea,Plethodontidae,Hemidactyliinae,Batrachoseps,nigriventris,Batrachoseps_nigriventris,CAS,180911,NA,adult,no,3.5,35,0.53,1.78,1.8,1.13,1.27,Nicole_Bednarik
161,Caudata,Salamandroidea,Plethodontidae,Hemidactyliinae,Batrachoseps,nigriventris,Batrachoseps_nigriventris,CAS,180912,NA,adult,no,3.7,37,0.53,1.86,1.85,1.25,1.26,Nicole_Bednarik
162,Caudata,Salamandroidea,Plethodontidae,Hemidactyliinae,Batrachoseps,nigriventris,Batrachoseps_nigriventris,CAS,180907,NA,adult,no,3.5,35,0.51,1.78,1.89,1.22,1.33,Nicole_Bednarik
163,Caudata,Salamandroidea,Plethodontidae,Hemidactyliinae,Batrachoseps,pacificus,Batrachoseps_pacificus,CAS,187550,NA,adult,no,4.2,42,0.93,2.02,1.94,1.32,1.43,Nicole_Bednarik
164,Caudata,Salamandroidea,Plethodontidae,Hemidactyliinae,Batrachoseps,pacificus,Batrachoseps_pacificus,CAS,187540,NA,adult,no,3.6,36,1.08,1.94,2.05,1.39,1.54,Nicole_Bednarik
165,Caudata,Salamandroidea,Plethodontidae,Hemidactyliinae,Batrachoseps,pacificus,Batrachoseps_pacificus,CAS,187528,NA,adult,no,4.3,43,1.2,2.07,2.18,1.25,1.49,Nicole_Bednarik
166,Caudata,Salamandroidea,Plethodontidae,Hemidactyliinae,Batrachoseps,relictus,Batrachoseps_relictus,CAS,27054,NA,NA,no,3.9,39,0.77,2.08,2.15,1.45,1.34,Nicole_Bednarik
167,Caudata,Salamandroidea,Plethodontidae,Hemidactyliinae,Batrachoseps,relictus,Batrachoseps_relictus,CAS,13870,NA,NA,no,4.1,41,0.53,1.9,1.88,1.26,1.5,Nicole_Bednarik
168,Caudata,Salamandroidea,Plethodontidae,Hemidactyliinae,Batrachoseps,relictus,Batrachoseps_relictus,CAS,27096,NA,NA,no,3.7,37,0.64,2.02,2.06,1.49,1.48,Nicole_Bednarik
169,Caudata,Salamandroidea,Plethodontidae,Hemidactyliinae,Bolitoglossa,altamazonica,Bolitoglossa_altamazonica,CAS,93329,NA,NA,no,5.3,53,3.51,3.5,3.3,2.26,2.53,Nicole_Bednarik
170,Caudata,Salamandroidea,Plethodontidae,Hemidactyliinae,Bolitoglossa,engelhardti,Bolitoglossa_engelhardti,MVZ,107684,NA,adult_juv,no,5,50,2.43,3.42,3.47,2.54,2.39,Nicole_Bednarik
171,Caudata,Salamandroidea,Plethodontidae,Hemidactyliinae,Bolitoglossa,engelhardti,Bolitoglossa_engelhardti,MVZ,100516,NA,adult_juv,no,4.9,49,1.99,3.44,3.38,2.43,2.45,Nicole_Bednarik
172,Caudata,Salamandroidea,Plethodontidae,Hemidactyliinae,Bolitoglossa,engelhardti,Bolitoglossa_engelhardti,MVZ,100556,NA,adult_juv,no,4.7,47,1.65,3.14,2.97,2.2,2.1,Nicole_Bednarik
173,Caudata,Salamandroidea,Plethodontidae,Hemidactyliinae,Bolitoglossa,lignicolor,Bolitoglossa_lignicolor,MVZ,238131,NA,adult_juv,no,6.2,62,2.99,3.93,3.61,2.48,2.68,Nicole_Bednarik
174,Caudata,Salamandroidea,Plethodontidae,Hemidactyliinae,Bolitoglossa,marmorea,Bolitoglossa_marmorea,CAS,79634,NA,NA,no,6,60,3.74,4.01,4.08,2.77,2.67,Nicole_Bednarik
175,Caudata,Salamandroidea,Plethodontidae,Hemidactyliinae,Bolitoglossa,marmorea,Bolitoglossa_marmorea,CAS,79633,NA,NA,no,6.2,62,3.5,4.25,4.15,3.26,2.92,Nicole_Bednarik
176,Caudata,Salamandroidea,Plethodontidae,Hemidactyliinae,Bolitoglossa,marmorea,Bolitoglossa_marmorea,CAS,79624,NA,NA,no,6.5,65,3.52,4.15,3.91,2.95,2.95,Nicole_Bednarik
177,Caudata,Salamandroidea,Plethodontidae,Hemidactyliinae,Bolitoglossa,mexicana,Bolitoglossa_mexicana,CAS,164193,NA,NA,no,8.4,84,7.39,4.58,4.25,3.03,2.91,Nicole_Bednarik
178,Caudata,Salamandroidea,Plethodontidae,Hemidactyliinae,Bolitoglossa,mexicana,Bolitoglossa_mexicana,CAS,164175,NA,NA,no,6,60,4.54,3.53,3.74,2.75,2.67,Nicole_Bednarik
179,Caudata,Salamandroidea,Plethodontidae,Hemidactyliinae,Bolitoglossa,mexicana,Bolitoglossa_mexicana,CAS,164194,NA,NA,no,9.6,96,10.36,4.9,5.12,3.22,3.22,Nicole_Bednarik
180,Caudata,Salamandroidea,Plethodontidae,Hemidactyliinae,Bolitoglossa,morio,Bolitoglossa_morio,CAS,69447,NA,NA,no,6.1,61,3.74,3.29,3.26,2.43,2.27,Nicole_Bednarik
181,Caudata,Salamandroidea,Plethodontidae,Hemidactyliinae,Bolitoglossa,morio,Bolitoglossa_morio,CAS,69470,NA,NA,no,5.5,55,2.83,3.38,3.56,2.07,2.37,Nicole_Bednarik
182,Caudata,Salamandroidea,Plethodontidae,Hemidactyliinae,Bolitoglossa,morio,Bolitoglossa_morio,CAS,69444,NA,NA,no,5.2,52,2.19,3.06,3.32,2.34,2.26,Nicole_Bednarik
183,Caudata,Salamandroidea,Plethodontidae,Hemidactyliinae,Bolitoglossa,platydactyla,Bolitoglossa_platydactyla,MVZ,173490,NA,adult_juv,no,9.5,95,7.8,4.36,4.28,3.23,3.4,Nicole_Bednarik
184,Caudata,Salamandroidea,Plethodontidae,Hemidactyliinae,Bolitoglossa,platydactyla,Bolitoglossa_platydactyla,MVZ,163796,NA,adult_juv,no,8.5,85,11.76,3.97,4.23,2.88,2.63,Nicole_Bednarik
185,Caudata,Salamandroidea,Plethodontidae,Hemidactyliinae,Bolitoglossa,platydactyla,Bolitoglossa_platydactyla,MVZ,146780,NA,adult_juv,no,7.2,72,4.67,4.11,3.94,2.71,2.8,Nicole_Bednarik
186,Caudata,Salamandroidea,Plethodontidae,Hemidactyliinae,Bolitoglossa,rostrata,Bolitoglossa_rostrata,CAS,69570,NA,NA,no,5.3,53,2.1,3.53,3.84,2.48,2.61,Nicole_Bednarik
187,Caudata,Salamandroidea,Plethodontidae,Hemidactyliinae,Bolitoglossa,rostrata,Bolitoglossa_rostrata,CAS,69573,NA,NA,no,4.5,45,1.54,3.49,3.45,2.33,2.37,Nicole_Bednarik
188,Caudata,Salamandroidea,Plethodontidae,Hemidactyliinae,Bolitoglossa,rostrata,Bolitoglossa_rostrata,CAS,69567,NA,NA,no,4.3,43,1.35,3.34,3.44,2.22,2.2,Nicole_Bednarik
189,Caudata,Salamandroidea,Plethodontidae,Hemidactyliinae,Bolitoglossa,rufescens,Bolitoglossa_rufescens,CAS,136622,NA,NA,no,3.4,34,0.8,2.38,2.63,1.68,1.66,Nicole_Bednarik
190,Caudata,Salamandroidea,Plethodontidae,Hemidactyliinae,Bolitoglossa,rufescens,Bolitoglossa_rufescens,CAS,136623,NA,NA,no,3.6,36,0.68,2.72,2.89,1.87,1.83,Nicole_Bednarik
191,Caudata,Salamandroidea,Plethodontidae,Hemidactyliinae,Bolitoglossa,rufescens,Bolitoglossa_rufescens,CAS,136617,NA,NA,no,3.1,31,0.56,2.43,2.47,1.8,1.86,Nicole_Bednarik
192,Caudata,Salamandroidea,Plethodontidae,Hemidactyliinae,Bolitoglossa,subpalmata,Bolitoglossa_subpalmata,CAS,98104,NA,NA,no,5,50,1.69,3.56,3.3,2.63,2.53,Nicole_Bednarik
193,Caudata,Salamandroidea,Plethodontidae,Hemidactyliinae,Bolitoglossa,subpalmata,Bolitoglossa_subpalmata,CAS,98102,NA,NA,no,4.2,42,1.2,3.15,3.15,2.41,2.49,Nicole_Bednarik
194,Caudata,Salamandroidea,Plethodontidae,Hemidactyliinae,Bolitoglossa,subpalmata,Bolitoglossa_subpalmata,CAS,98101,NA,NA,no,4.5,45,1.32,3.01,3.1,2.12,2.37,Nicole_Bednarik
195,Caudata,Salamandroidea,Plethodontidae,Hemidactyliinae,Chiropterotriton,chiropterus,Chiropterotriton_chiropterus,CAS,136636,NA,NA,no,3.6,36,0.79,2.76,2.67,1.95,1.98,Nicole_Bednarik
196,Caudata,Salamandroidea,Plethodontidae,Hemidactyliinae,Chiropterotriton,chiropterus,Chiropterotriton_chiropterus,CAS,136645,NA,NA,no,3.4,34,0.69,2.56,2.47,1.9,2.57,Nicole_Bednarik
197,Caudata,Salamandroidea,Plethodontidae,Hemidactyliinae,Chiropterotriton,chiropterus,Chiropterotriton_chiropterus,CAS,136640,NA,NA,no,3.6,36,0.79,2.35,2.57,1.85,2.06,Nicole_Bednarik
198,Caudata,Salamandroidea,Plethodontidae,Hemidactyliinae,Chiropterotriton,multidentatus,Chiropterotriton_multidentatus,CAS,13112,NA,NA,no,4.9,49,0.93,2.77,2.78,2.04,1.94,Nicole_Bednarik
199,Caudata,Salamandroidea,Plethodontidae,Hemidactyliinae,Chiropterotriton,multidentatus,Chiropterotriton_multidentatus,CAS,13113,NA,NA,no,3.7,37,0.79,2.68,2.63,1.97,1.77,Nicole_Bednarik
200,Caudata,Salamandroidea,Plethodontidae,Hemidactyliinae,Chiropterotriton,multidentatus,Chiropterotriton_multidentatus,CAS,13115,NA,NA,no,3.5,35,0.79,2.28,2.39,1.46,1.47,Nicole_Bednarik
201,Caudata,Salamandroidea,Plethodontidae,Plethodontinae,Desmognathus,auriculatus,Desmognathus_auriculatus,CAS,186572,NA,adult,no,5.7,57,3.94,2.68,2.65,2.01,2.06,Nicole_Bednarik
202,Caudata,Salamandroidea,Plethodontidae,Plethodontinae,Desmognathus,auriculatus,Desmognathus_auriculatus,CAS,14146,NA,NA,no,5.6,56,3.77,2.75,2.81,1.97,2.01,Nicole_Bednarik
203,Caudata,Salamandroidea,Plethodontidae,Plethodontinae,Desmognathus,auriculatus,Desmognathus_auriculatus,CAS,14147,NA,NA,no,6.3,63,4.7,2.99,2.93,2.02,2.11,Nicole_Bednarik
204,Caudata,Salamandroidea,Plethodontidae,Plethodontinae,Desmognathus,brimleyorum,Desmognathus_brimleyorum,CAS,207230,NA,adult,no,5,50,2.75,2.49,2.86,2.04,2.02,Nicole_Bednarik
205,Caudata,Salamandroidea,Plethodontidae,Plethodontinae,Desmognathus,brimleyorum,Desmognathus_brimleyorum,CAS,207228,NA,adult,no,5,50,2.55,2.93,2.85,1.82,2.1,Nicole_Bednarik
206,Caudata,Salamandroidea,Plethodontidae,Plethodontinae,Desmognathus,brimleyorum,Desmognathus_brimleyorum,CAS,207339,NA,adult,no,5.3,53,3.76,2.5,2.67,1.95,1.95,Nicole_Bednarik
207,Caudata,Salamandroidea,Plethodontidae,Plethodontinae,Desmognathus,conanti,Desmognathus_conanti,CAS,1559,NA,adult,no,5.8,58,3.04,2.99,2.93,2.15,2.27,Nicole_Bednarik
208,Caudata,Salamandroidea,Plethodontidae,Plethodontinae,Desmognathus,conanti,Desmognathus_conanti,CAS,11321,NA,adult,no,5.2,52,3.24,2.41,2.44,1.93,1.97,Nicole_Bednarik
209,Caudata,Salamandroidea,Plethodontidae,Plethodontinae,Desmognathus,conanti,Desmognathus_conanti,CAS,11315,NA,adult_juv,no,4.9,49,2.6,2.37,2.34,1.82,1.94,Nicole_Bednarik
210,Caudata,Salamandroidea,Plethodontidae,Plethodontinae,Desmognathus,fuscus,Desmognathus_fuscus,CAS,186595,NA,adult,no,6.7,67,5.01,3.56,3.61,2.83,3.22,Nicole_Bednarik
211,Caudata,Salamandroidea,Plethodontidae,Plethodontinae,Desmognathus,fuscus,Desmognathus_fuscus,CAS,235917,NA,NA,no,6.3,63,4.35,3.2,3.08,2.2,2.31,Nicole_Bednarik
212,Caudata,Salamandroidea,Plethodontidae,Plethodontinae,Desmognathus,fuscus,Desmognathus_fuscus,CAS,235918,NA,NA,no,5,50,2.79,2.73,2.71,2.02,2.22,Nicole_Bednarik
213,Caudata,Salamandroidea,Plethodontidae,Plethodontinae,Desmognathus,imitator,Desmognathus_imitator,MVZ,225759,NA,adult_juv,no,4.1,41,2.05,2.8,2.51,2.04,1.94,Nicole_Bednarik
214,Caudata,Salamandroidea,Plethodontidae,Plethodontinae,Desmognathus,imitator,Desmognathus_imitator,MVZ,145020,NA,adult_juv,no,4.7,47,2.2,2.58,2.59,1.75,1.89,Nicole_Bednarik
215,Caudata,Salamandroidea,Plethodontidae,Plethodontinae,Desmognathus,imitator,Desmognathus_imitator,MVZ,32512,NA,adult_juv,no,4.8,48,2.56,2.67,2.68,2.04,1.76,Nicole_Bednarik
216,Caudata,Salamandroidea,Plethodontidae,Plethodontinae,Desmognathus,monticola,Desmognathus_monticola,CAS,261560,NA,NA,no,5.8,58,6.8,3.71,3.65,2.68,2.55,Nicole_Bednarik
217,Caudata,Salamandroidea,Plethodontidae,Plethodontinae,Desmognathus,monticola,Desmognathus_monticola,CAS,261561,NA,NA,no,6.6,66,7.01,3.44,3.66,2.42,2.64,Nicole_Bednarik
218,Caudata,Salamandroidea,Plethodontidae,Plethodontinae,Desmognathus,monticola,Desmognathus_monticola,CAS,262109,NA,NA,no,6.1,61,5.55,3.39,3.36,2.51,2.55,Nicole_Bednarik
219,Caudata,Salamandroidea,Plethodontidae,Plethodontinae,Desmognathus,ochrophaeus,Desmognathus_ochrophaeus,CAS,5382,NA,NA,no,3.8,38,0.86,2,2.11,1.55,1.65,Nicole_Bednarik
220,Caudata,Salamandroidea,Plethodontidae,Plethodontinae,Desmognathus,ochrophaeus,Desmognathus_ochrophaeus,CAS,5397,NA,NA,no,4.1,41,1.35,2.24,2.32,1.76,1.74,Nicole_Bednarik
221,Caudata,Salamandroidea,Plethodontidae,Plethodontinae,Desmognathus,ochrophaeus,Desmognathus_ochrophaeus,CAS,5381,NA,NA,no,4.4,44,1.71,2.15,2.25,1.59,1.85,Nicole_Bednarik
222,Caudata,Salamandroidea,Plethodontidae,Plethodontinae,Desmognathus,quadramaculatus,Desmognathus_quadramaculatus,CAS,74159,NA,NA,no,7.1,71,6.95,3.91,4.12,2.81,3.03,Nicole_Bednarik
223,Caudata,Salamandroidea,Plethodontidae,Plethodontinae,Desmognathus,quadramaculatus,Desmognathus_quadramaculatus,CAS,74160,NA,NA,no,6.6,66,5.06,3.64,3.66,2.71,2.58,Nicole_Bednarik
224,Caudata,Salamandroidea,Plethodontidae,Plethodontinae,Desmognathus,quadramaculatus,Desmognathus_quadramaculatus,CAS,74158,NA,NA,no,6.8,68,6.07,3.47,3.65,2.2,2.45,Nicole_Bednarik
225,Caudata,Salamandroidea,Plethodontidae,Plethodontinae,Ensatina,eschscholtzii,Ensatina_eschscholtzii,CAS,66366,NA,NA,no,7.2,72,6.29,4.57,5.11,3.88,4.14,Nicole_Bednarik
226,Caudata,Salamandroidea,Plethodontidae,Plethodontinae,Ensatina,eschscholtzii,Ensatina_eschscholtzii,CAS,13846,NA,NA,no,8,80,9.42,5.22,5.33,4.01,4.12,Nicole_Bednarik
227,Caudata,Salamandroidea,Plethodontidae,Plethodontinae,Ensatina,eschscholtzii,Ensatina_eschscholtzii,CAS,13852,NA,NA,no,7.5,75,7.74,4.32,4.55,3.36,3.48,Nicole_Bednarik
228,Caudata,Salamandroidea,Plethodontidae,Hemidactyliinae,Eurycea,bislineata,Eurycea_bislineata,CAS,235926,NA,NA,no,4.5,45,1.55,2.26,2.23,1.59,1.78,Nicole_Bednarik
229,Caudata,Salamandroidea,Plethodontidae,Hemidactyliinae,Eurycea,bislineata,Eurycea_bislineata,CAS,235927,NA,NA,no,4.6,46,1.86,2.29,2.24,1.84,1.72,Nicole_Bednarik
230,Caudata,Salamandroidea,Plethodontidae,Hemidactyliinae,Eurycea,bislineata,Eurycea_bislineata,CAS,235928,NA,NA,no,4.1,41,1.38,2.11,2.1,1.66,1.64,Nicole_Bednarik
231,Caudata,Salamandroidea,Plethodontidae,Hemidactyliinae,Eurycea,cirrigera,Eurycea_cirrigera,CAS,8333,NA,NA,no,3.7,37,1.07,2.35,2.34,2,1.92,Nicole_Bednarik
232,Caudata,Salamandroidea,Plethodontidae,Hemidactyliinae,Eurycea,cirrigera,Eurycea_cirrigera,CAS,8334,NA,NA,no,4.2,42,1.19,2.28,2.35,1.79,1.78,Nicole_Bednarik
233,Caudata,Salamandroidea,Plethodontidae,Hemidactyliinae,Eurycea,cirrigera,Eurycea_cirrigera,CAS,14134,NA,NA,no,3.6,36,0.98,2.32,2.09,1.66,1.85,Nicole_Bednarik
234,Caudata,Salamandroidea,Plethodontidae,Hemidactyliinae,Eurycea,guttolineata,Eurycea_guttolineata,CAS,11326,NA,NA,no,5.6,56,3.99,3.36,3.32,2.58,2.36,Nicole_Bednarik
235,Caudata,Salamandroidea,Plethodontidae,Hemidactyliinae,Eurycea,guttolineata,Eurycea_guttolineata,CAS,11324,NA,NA,no,5.1,51,2.09,3.53,3.65,2.88,2.8,Nicole_Bednarik
236,Caudata,Salamandroidea,Plethodontidae,Hemidactyliinae,Eurycea,guttolineata,Eurycea_guttolineata,CAS,11325,NA,NA,no,4.7,47,1.98,2.93,3.18,2.16,2.27,Nicole_Bednarik
237,Caudata,Salamandroidea,Plethodontidae,Hemidactyliinae,Eurycea,longicauda,Eurycea_longicauda,CAS,261943,NA,NA,no,5.2,52,1.79,3.48,3.6,2.73,2.5,Nicole_Bednarik
238,Caudata,Salamandroidea,Plethodontidae,Hemidactyliinae,Eurycea,longicauda,Eurycea_longicauda,CAS,207205,NA,adult,no,5.6,56,2.46,3.29,3.4,2.57,2.55,Nicole_Bednarik
239,Caudata,Salamandroidea,Plethodontidae,Hemidactyliinae,Eurycea,longicauda,Eurycea_longicauda,CAS,207208,NA,adult,no,5.4,54,2.47,3.41,3.45,2.52,2.47,Nicole_Bednarik
240,Caudata,Salamandroidea,Plethodontidae,Hemidactyliinae,Eurycea,longicauda,Eurycea_longicauda,CAS,207207,NA,adult,no,5.8,58,2.36,3.34,3.38,2.67,2.45,Nicole_Bednarik
241,Caudata,Salamandroidea,Plethodontidae,Hemidactyliinae,Eurycea,longicauda,Eurycea_longicauda,CAS,64011,NA,NA,no,6,60,3.48,3.61,3.67,2.77,2.72,Nicole_Bednarik
242,Caudata,Salamandroidea,Plethodontidae,Hemidactyliinae,Eurycea,longicauda,Eurycea_longicauda,CAS,93050,NA,NA,no,4.8,48,1.82,2.82,3.48,2.15,2.33,Nicole_Bednarik
243,Caudata,Salamandroidea,Plethodontidae,Hemidactyliinae,Eurycea,longicauda,Eurycea_longicauda,CAS,6790,NA,NA,no,4.7,47,1.28,3.04,2.98,2.3,2.32,Nicole_Bednarik
244,Caudata,Salamandroidea,Plethodontidae,Hemidactyliinae,Eurycea,lucifuga,Eurycea_lucifuga,CAS,2185,NA,NA,no,6.1,61,1.85,4.15,3.98,3.07,3.21,Nicole_Bednarik
245,Caudata,Salamandroidea,Plethodontidae,Hemidactyliinae,Eurycea,lucifuga,Eurycea_lucifuga,CAS,2186,NA,NA,no,6.1,61,1.39,3.49,3.63,2.23,2.8,Nicole_Bednarik
246,Caudata,Salamandroidea,Plethodontidae,Hemidactyliinae,Eurycea,lucifuga,Eurycea_lucifuga,CAS,60,NA,NA,no,6.1,61,2.5,3.32,3.47,2.33,2.15,Nicole_Bednarik
247,Caudata,Salamandroidea,Plethodontidae,Hemidactyliinae,Eurycea,nana,Eurycea_nana,CAS,15471,NA,NA,yes,2.9,29,0.36,NA,NA,1.15,1.15,Nicole_Bednarik
248,Caudata,Salamandroidea,Plethodontidae,Hemidactyliinae,Eurycea,nana,Eurycea_nana,CAS,15474,NA,NA,yes,2.6,26,0.32,NA,NA,1.1,1.17,Nicole_Bednarik
249,Caudata,Salamandroidea,Plethodontidae,Hemidactyliinae,Eurycea,nana,Eurycea_nana,CAS,15470,NA,NA,yes,2.4,24,0.25,NA,NA,1,1,Nicole_Bednarik
250,Caudata,Salamandroidea,Plethodontidae,Hemidactyliinae,Eurycea,neotenes,Eurycea_neotenes,NHMUK/BMNH,1957.1.7.88,NA,NA,yes,3.547,35.47,1.1,NA,NA,1.21,1.43,KatieThomas_JeffreyStreicher
251,Caudata,Salamandroidea,Plethodontidae,Hemidactyliinae,Eurycea,neotenes,Eurycea_neotenes,NHMUK/BMNH,1957.1.7.89,NA,NA,yes,3.589,35.89,1.1,NA,NA,1.64,1.89,KatieThomas_JeffreyStreicher
252,Caudata,Salamandroidea,Plethodontidae,Hemidactyliinae,Eurycea,quadridigitata,Eurycea_quadridigitata,CAS,14136,NA,NA,no,2.9,29,0.44,1.97,1.66,1.55,1.33,Nicole_Bednarik
253,Caudata,Salamandroidea,Plethodontidae,Hemidactyliinae,Eurycea,quadridigitata,Eurycea_quadridigitata,CAS,14137,NA,NA,no,2.7,27,0.38,1.78,1.68,1.41,1.41,Nicole_Bednarik
254,Caudata,Salamandroidea,Plethodontidae,Hemidactyliinae,Eurycea,quadridigitata,Eurycea_quadridigitata,CAS,14138,NA,NA,no,3.1,31,0.44,1.92,1.92,1.7,1.55,Nicole_Bednarik
255,Caudata,Salamandroidea,Plethodontidae,Hemidactyliinae,Eurycea,rathbuni,Eurycea_rathbuni,CAS,1641,NA,NA,yes,5.1,51,2.02,NA,NA,0.55,0.54,Nicole_Bednarik
256,Caudata,Salamandroidea,Plethodontidae,Hemidactyliinae,Eurycea,rathbuni,Eurycea_rathbuni,CAS,85009,NA,NA,yes,5.5,55,3.01,NA,NA,0.75,0.61,Nicole_Bednarik
257,Caudata,Salamandroidea,Plethodontidae,Hemidactyliinae,Eurycea,rathbuni,Eurycea_rathbuni,CAS,96167,NA,NA,yes,4.2,42,1.3,NA,NA,0.62,0.62,Nicole_Bednarik
258,Caudata,Salamandroidea,Plethodontidae,Hemidactyliinae,Eurycea,tynerensis,Eurycea_tynerensis,CAS,74233,NA,NA,no,4,40,1.1,1.91,1.93,1.4,1.34,Nicole_Bednarik
259,Caudata,Salamandroidea,Plethodontidae,Hemidactyliinae,Eurycea,tynerensis,Eurycea_tynerensis,CAS,74234,NA,NA,no,4.1,41,0.97,1.68,1.79,1.18,1.24,Nicole_Bednarik
260,Caudata,Salamandroidea,Plethodontidae,Hemidactyliinae,Eurycea,wilderae,Eurycea_wilderae,CAS,6867,NA,NA,no,3.2,32,0.68,1.87,1.89,1.52,1.48,Nicole_Bednarik
261,Caudata,Salamandroidea,Plethodontidae,Hemidactyliinae,Eurycea,wilderae,Eurycea_wilderae,CAS,6869,NA,NA,no,3.8,38,0.93,2.09,2.1,1.58,1.65,Nicole_Bednarik
262,Caudata,Salamandroidea,Plethodontidae,Hemidactyliinae,Eurycea,wilderae,Eurycea_wilderae,CAS,6878,NA,NA,no,3.6,36,0.77,1.97,2.02,1.43,1.62,Nicole_Bednarik
263,Caudata,Salamandroidea,Plethodontidae,Hemidactyliinae,Gyrinophilus,porphyriticus,Gyrinophilus_porphyriticus,CAS,173616,NA,adult,no,9.8,98,18.7,4.2,4.43,2.7,2.98,Nicole_Bednarik
264,Caudata,Salamandroidea,Plethodontidae,Hemidactyliinae,Gyrinophilus,porphyriticus,Gyrinophilus_porphyriticus,CAS,261920,NA,NA,no,8.3,83,9.47,4.19,4.25,2.83,2.82,Nicole_Bednarik
265,Caudata,Salamandroidea,Plethodontidae,Hemidactyliinae,Hemidactylium,scutatum,Hemidactylium_scutatum,CAS,56730,female,NA,no,3.7,37,0.77,2.23,2.41,1.71,1.68,Nicole_Bednarik
266,Caudata,Salamandroidea,Plethodontidae,Hemidactyliinae,Hemidactylium,scutatum,Hemidactylium_scutatum,CAS,56727,female,NA,no,3.6,36,0.73,2.21,2.48,1.54,1.88,Nicole_Bednarik
267,Caudata,Salamandroidea,Plethodontidae,Hemidactyliinae,Hemidactylium,scutatum,Hemidactylium_scutatum,CAS,56728,female,NA,no,3.7,37,0.87,2.33,2.34,1.57,1.65,Nicole_Bednarik
268,Caudata,Salamandroidea,Plethodontidae,Plethodontinae,Hydromantes,ambrosii,Hydromantes_ambrosii,MVZ,215963,female,adult,no,5.7,57,3.65,4.23,4.13,3.24,3.24,Nicole_Bednarik
269,Caudata,Salamandroidea,Plethodontidae,Plethodontinae,Hydromantes,ambrosii,Hydromantes_ambrosii,MVZ,215965,female,adult,no,6.1,61,3.72,4.27,4.13,3.36,3.11,Nicole_Bednarik
270,Caudata,Salamandroidea,Plethodontidae,Plethodontinae,Hydromantes,ambrosii,Hydromantes_ambrosii,MVZ,215964,male,adult,no,5.9,59,3.18,4.06,4.35,2.99,3.16,Nicole_Bednarik
271,Caudata,Salamandroidea,Plethodontidae,Plethodontinae,Hydromantes,brunus,Hydromantes_brunus,CAS,55933,NA,adult_juv,no,6.4,64,3.5,4.23,4.46,2.86,2.83,Nicole_Bednarik
272,Caudata,Salamandroidea,Plethodontidae,Plethodontinae,Hydromantes,brunus,Hydromantes_brunus,MVZ,201230,NA,adult_juv,no,6.6,66,2.96,4.61,4.65,3.18,2.66,Nicole_Bednarik
273,Caudata,Salamandroidea,Plethodontidae,Plethodontinae,Hydromantes,imperialis,Hydromantes_imperialis,NHMUK/BMNH,1998.95,NA,NA,no,6.605,66.05,4.5,4.89,4.85,3.61,3.85,KatieThomas_JeffreyStreicher
274,Caudata,Salamandroidea,Plethodontidae,Plethodontinae,Hydromantes,imperialis,Hydromantes_imperialis,NHMUK/BMNH,1998.96,NA,NA,no,5.705,57.05,3.7,4.13,4.37,3.6,3.41,KatieThomas_JeffreyStreicher
275,Caudata,Salamandroidea,Plethodontidae,Plethodontinae,Hydromantes,italicus,Hydromantes_italicus,MVZ,65412,NA,adult_juv,no,6.2,62,3.82,3.91,3.74,3.19,2.73,Nicole_Bednarik
276,Caudata,Salamandroidea,Plethodontidae,Plethodontinae,Hydromantes,italicus,Hydromantes_italicus,MVZ,178795,NA,adult_juv,no,6.4,64,2.75,4.64,4.32,3.17,3.11,Nicole_Bednarik
277,Caudata,Salamandroidea,Plethodontidae,Plethodontinae,Hydromantes,italicus,Hydromantes_italicus,MVZ,176567,NA,adult_juv,no,5.7,57,2.76,4.24,4.09,3.44,3.41,Nicole_Bednarik
278,Caudata,Salamandroidea,Plethodontidae,Plethodontinae,Hydromantes,platycephalus,Hydromantes_platycephalus,CAS,2215,NA,NA,no,5.2,52,2.16,3.9,3.7,2.43,2.67,Nicole_Bednarik
279,Caudata,Salamandroidea,Plethodontidae,Plethodontinae,Hydromantes,platycephalus,Hydromantes_platycephalus,CAS,2210,NA,NA,no,5.2,52,2.15,3.71,3.89,2.65,2.75,Nicole_Bednarik
280,Caudata,Salamandroidea,Plethodontidae,Plethodontinae,Hydromantes,platycephalus,Hydromantes_platycephalus,CAS,2239,NA,NA,no,6,60,2.52,3.72,4.17,2.99,3.04,Nicole_Bednarik
281,Caudata,Salamandroidea,Plethodontidae,Plethodontinae,Plethodon,albagula,Plethodon_albagula,CAS,15478,NA,NA,no,6.3,63,3.35,3.49,3.7,2.45,2.57,Nicole_Bednarik
282,Caudata,Salamandroidea,Plethodontidae,Plethodontinae,Plethodon,albagula,Plethodon_albagula,CAS,15477,NA,NA,no,6.5,65,4.02,3.36,3.63,2.32,2.76,Nicole_Bednarik
283,Caudata,Salamandroidea,Plethodontidae,Plethodontinae,Plethodon,albagula,Plethodon_albagula,CAS,15476,NA,NA,no,5.2,52,1.81,3.18,2.98,2.23,2.37,Nicole_Bednarik
284,Caudata,Salamandroidea,Plethodontidae,Plethodontinae,Plethodon,cinereus,Plethodon_cinereus,CAS,4081,NA,NA,no,4.3,43,0.82,1.94,2.05,1.49,1.43,Nicole_Bednarik
285,Caudata,Salamandroidea,Plethodontidae,Plethodontinae,Plethodon,cinereus,Plethodon_cinereus,CAS,4084,NA,NA,no,4.3,43,0.89,2.44,2.33,1.68,1.44,Nicole_Bednarik
286,Caudata,Salamandroidea,Plethodontidae,Plethodontinae,Plethodon,cinereus,Plethodon_cinereus,CAS,4077,NA,NA,no,4.1,41,0.86,1.97,1.88,1.54,1.41,Nicole_Bednarik
287,Caudata,Salamandroidea,Plethodontidae,Plethodontinae,Plethodon,dunni,Plethodon_dunni,CAS,4761,NA,adult,no,6.4,64,3.59,3.26,3.18,2.33,2.57,Nicole_Bednarik
288,Caudata,Salamandroidea,Plethodontidae,Plethodontinae,Plethodon,dunni,Plethodon_dunni,CAS,4772,NA,adult,no,6.3,63,3.81,3.18,3.25,2.11,2.07,Nicole_Bednarik
289,Caudata,Salamandroidea,Plethodontidae,Plethodontinae,Plethodon,dunni,Plethodon_dunni,CAS,4769,NA,adult,no,6.3,63,3.28,2.88,2.88,2.25,2.24,Nicole_Bednarik
290,Caudata,Salamandroidea,Plethodontidae,Plethodontinae,Plethodon,elongatus,Plethodon_elongatus,CAS,80050,NA,NA,no,6.2,62,2.88,2.79,2.65,1.83,1.95,Nicole_Bednarik
291,Caudata,Salamandroidea,Plethodontidae,Plethodontinae,Plethodon,elongatus,Plethodon_elongatus,CAS,80052,NA,NA,no,6.3,63,2.52,2.83,2.91,1.82,1.82,Nicole_Bednarik
292,Caudata,Salamandroidea,Plethodontidae,Plethodontinae,Plethodon,elongatus,Plethodon_elongatus,CAS,80051,NA,NA,no,5.8,58,2.32,2.77,2.6,1.73,1.83,Nicole_Bednarik
293,Caudata,Salamandroidea,Plethodontidae,Plethodontinae,Plethodon,glutinosus,Plethodon_glutinosus,CAS,5120,NA,adult,no,7.6,76,7.06,3.76,3.96,2.94,3.27,Nicole_Bednarik
294,Caudata,Salamandroidea,Plethodontidae,Plethodontinae,Plethodon,glutinosus,Plethodon_glutinosus,CAS,5121,NA,adult,no,7.1,71,6.65,4.14,4.01,3.17,3.01,Nicole_Bednarik
295,Caudata,Salamandroidea,Plethodontidae,Plethodontinae,Plethodon,glutinosus,Plethodon_glutinosus,CAS,5122,NA,adult,no,7.5,75,6.78,3.96,4.05,3.02,2.89,Nicole_Bednarik
296,Caudata,Salamandroidea,Plethodontidae,Plethodontinae,Plethodon,idahoensis,Plethodon_idahoensis,CAS,178922,NA,adult,no,5,50,1.6,3.13,3.23,2.3,2.35,Nicole_Bednarik
297,Caudata,Salamandroidea,Plethodontidae,Plethodontinae,Plethodon,idahoensis,Plethodon_idahoensis,CAS,178923,NA,adult,no,5.3,53,1.46,3.03,3.27,2.38,2.47,Nicole_Bednarik
298,Caudata,Salamandroidea,Plethodontidae,Plethodontinae,Plethodon,idahoensis,Plethodon_idahoensis,CAS,178918,NA,adult,no,5,50,1.4,3.23,3.14,2.37,2.51,Nicole_Bednarik
299,Caudata,Salamandroidea,Plethodontidae,Plethodontinae,Plethodon,jordani,Plethodon_jordani,CAS,49134,NA,NA,no,5.2,52,3.29,3.43,3.6,2.39,2.65,Nicole_Bednarik
300,Caudata,Salamandroidea,Plethodontidae,Plethodontinae,Plethodon,jordani,Plethodon_jordani,CAS,49133,NA,NA,no,5.9,59,3.61,3.82,3.81,2.81,2.77,Nicole_Bednarik
301,Caudata,Salamandroidea,Plethodontidae,Plethodontinae,Plethodon,jordani,Plethodon_jordani,CAS,17764,NA,NA,no,5.8,58,2.41,3.1,3.37,2.53,2.52,Nicole_Bednarik
302,Caudata,Salamandroidea,Plethodontidae,Plethodontinae,Plethodon,vehiculum,Plethodon_vehiculum,CAS,3763,NA,adult,no,5.3,53,1.98,2.54,2.83,1.92,1.96,Nicole_Bednarik
303,Caudata,Salamandroidea,Plethodontidae,Plethodontinae,Plethodon,vehiculum,Plethodon_vehiculum,CAS,3764,NA,adult,no,5,50,1.47,2.64,2.42,1.94,2.01,Nicole_Bednarik
304,Caudata,Salamandroidea,Plethodontidae,Plethodontinae,Plethodon,vehiculum,Plethodon_vehiculum,CAS,3765,NA,adult,no,4.7,47,1.65,2.59,2.61,1.93,1.96,Nicole_Bednarik
305,Caudata,Salamandroidea,Plethodontidae,Hemidactyliinae,Pseudotriton,montanus,Pseudotriton_montanus,CAS,261919,NA,,no,5.7,57,2.67,2.78,2.95,1.95,2.34,Nicole_Bednarik
306,Caudata,Salamandroidea,Plethodontidae,Hemidactyliinae,Pseudotriton,ruber,Pseudotriton_ruber,CAS,210420,NA,adult,no,5.8,58,2.58,3.22,3.48,2.38,2.26,Nicole_Bednarik
307,Caudata,Salamandroidea,Plethodontidae,Hemidactyliinae,Pseudotriton,ruber,Pseudotriton_ruber,CAS,174273,NA,adult,no,7.2,72,9.13,3.16,3.34,1.99,2.18,Nicole_Bednarik
308,Caudata,Salamandroidea,Plethodontidae,Hemidactyliinae,Pseudotriton,ruber,Pseudotriton_ruber,CAS,210420,NA,adult,no,6.9,69,2.58,2.82,3.43,2.13,2.08,Nicole_Bednarik
309,Caudata,Salamandroidea,Plethodontidae,Hemidactyliinae,Stereochilus,marginatus,Stereochilus_marginatus,MVZ,129636,NA,adult_juv,no,5.7,57,4.85,1.95,1.73,1.58,1.35,Nicole_Bednarik
310,Caudata,Salamandroidea,Plethodontidae,Hemidactyliinae,Stereochilus,marginatus,Stereochilus_marginatus,MVZ,129639,NA,adult_juv,no,4.2,42,1.5,1.78,1.88,1.19,1.38,Nicole_Bednarik
311,Caudata,Salamandroidea,Plethodontidae,Hemidactyliinae,Thorius,boreas,Thorius_boreas,CAS,87298,NA,NA,no,3.1,31,0.49,1.59,1.48,1.29,0.86,Nicole_Bednarik
312,Caudata,Salamandroidea,Plethodontidae,Hemidactyliinae,Thorius,pennatulus,Thorius_pennatulus,CAS,136625,NA,NA,no,1.9,19,0.22,1.6,1.5,1.05,1.12,Nicole_Bednarik
313,Caudata,Salamandroidea,Plethodontidae,Hemidactyliinae,Thorius,pennatulus,Thorius_pennatulus,CAS,136626,NA,NA,no,1.9,19,0.22,1.44,1.53,0.82,1.12,Nicole_Bednarik
314,Caudata,Salamandroidea,Plethodontidae,Hemidactyliinae,Thorius,pennatulus,Thorius_pennatulus,CAS,136627,NA,NA,no,1.9,19,0.21,1.14,1.23,0.91,0.87,Nicole_Bednarik
315,Caudata,Salamandroidea,Proteidae,Necturinae,Necturus,alabamensis,Necturus_alabamensis,CAS,13381,NA,NA,yes,11.2,112,27.77,NA,NA,2.51,2.68,Nicole_Bednarik
316,Caudata,Salamandroidea,Proteidae,Necturinae,Necturus,beyeri,Necturus_beyeri,CAS,5021,male,NA,yes,11.3,113,28.5,NA,NA,2.71,2.83,Nicole_Bednarik
317,Caudata,Salamandroidea,Proteidae,Necturinae,Necturus,beyeri,Necturus_beyeri,CAS,5022,female,NA,yes,12.7,127,34.22,NA,NA,2.92,2.79,Nicole_Bednarik
318,Caudata,Salamandroidea,Proteidae,Necturinae,Necturus,lewisi,Necturus_lewisi,MVZ,166103,male,adult,yes,15.6,156,46,NA,NA,3.46,3.62,Nicole_Bednarik
319,Caudata,Salamandroidea,Proteidae,Necturinae,Necturus,lewisi,Necturus_lewisi,MVZ,166104,female,adult,yes,15.7,157,66,NA,NA,3.51,3.4,Nicole_Bednarik
320,Caudata,Salamandroidea,Proteidae,Necturinae,Necturus,lewisi,Necturus_lewisi,MVZ,166105,male,adult,yes,14.4,144,44,NA,NA,2.91,2.99,Nicole_Bednarik
321,Caudata,Salamandroidea,Proteidae,Necturinae,Necturus,maculosus,Necturus_maculosus,MVZ,173485,NA,adult,yes,20.8,208,92,NA,NA,3.86,3.36,Nicole_Bednarik
322,Caudata,Salamandroidea,Proteidae,Necturinae,Necturus,maculosus,Necturus_maculosus,MVZ,173486,NA,adult,yes,21.3,213,106,NA,NA,5.07,4.33,Nicole_Bednarik
323,Caudata,Salamandroidea,Proteidae,Necturinae,Necturus,maculosus,Necturus_maculosus,MVZ,198676,NA,adult,yes,21,210,168,NA,NA,3.99,4.49,Nicole_Bednarik
324,Caudata,Salamandroidea,Proteidae,Proteinae,Proteus,anguinus,Proteus_anguinus,NHMUK/BMNH,1940.4.22.10,NA,NA,yes,18.51,185.1,29,NA,NA,NA,NA,KatieThomas_JeffreyStreicher
325,Caudata,Salamandroidea,Proteidae,Proteinae,Proteus,anguinus,Proteus_anguinus,NHMUK/BMNH,1940.4.22.11,NA,NA,yes,16.17,161.7,25,NA,NA,NA,NA,KatieThomas_JeffreyStreicher
326,Caudata,Salamandroidea,Rhyacotritonidae,NA,Rhyacotriton,cascadae,Rhyacotriton_cascadae,CAS,4929,NA,NA,no,5.7,57,1.77,3.34,3.44,2.5,2.47,Nicole_Bednarik
327,Caudata,Salamandroidea,Rhyacotritonidae,NA,Rhyacotriton,cascadae,Rhyacotriton_cascadae,CAS,4931,NA,NA,no,4.7,47,1.49,3.19,3.36,2.15,2.43,Nicole_Bednarik
328,Caudata,Salamandroidea,Rhyacotritonidae,NA,Rhyacotriton,cascadae,Rhyacotriton_cascadae,CAS,4914,NA,NA,no,4.2,42,1.28,3.29,3.19,2.32,2.27,Nicole_Bednarik
329,Caudata,Salamandroidea,Rhyacotritonidae,NA,Rhyacotriton,olympicus,Rhyacotriton_olympicus,CAS,64749,NA,NA,no,6.1,61,3.19,3.68,3.85,2.68,2.95,Nicole_Bednarik
330,Caudata,Salamandroidea,Rhyacotritonidae,NA,Rhyacotriton,olympicus,Rhyacotriton_olympicus,CAS,64751,NA,NA,no,6.2,62,4.13,3.69,3.79,2.65,2.92,Nicole_Bednarik
331,Caudata,Salamandroidea,Rhyacotritonidae,NA,Rhyacotriton,olympicus,Rhyacotriton_olympicus,CAS,64752,NA,NA,no,6.2,62,4.49,3.94,4.1,2.71,2.86,Nicole_Bednarik
332,Caudata,Salamandroidea,Rhyacotritonidae,NA,Rhyacotriton,variegatus,Rhyacotriton_variegatus,CAS,81256,NA,NA,no,5.3,53,2.82,3.81,3.57,2.85,2.82,Nicole_Bednarik
333,Caudata,Salamandroidea,Rhyacotritonidae,NA,Rhyacotriton,variegatus,Rhyacotriton_variegatus,CAS,81244,NA,NA,no,5.4,54,2.51,3.47,3.55,2.46,2.44,Nicole_Bednarik
334,Caudata,Salamandroidea,Rhyacotritonidae,NA,Rhyacotriton,variegatus,Rhyacotriton_variegatus,CAS,81258,NA,NA,no,5,50,2.32,3.42,3.38,2.73,2.55,Nicole_Bednarik
335,Caudata,Salamandroidea,Salamandridae,Pleurodelinae,Calotriton,asper,Calotriton_asper,NHMUK/BMNH,1928.11.22.19,NA,NA,no,6.042,60.42,6.4,3.58,3.71,2.59,2.61,KatieThomas_JeffreyStreicher
336,Caudata,Salamandroidea,Salamandridae,Pleurodelinae,Calotriton,asper,Calotriton_asper,NHMUK/BMNH,1928.11.22.20,NA,NA,no,6.535,65.35,8.1,3.82,3.84,3.08,2.9,KatieThomas_JeffreyStreicher
337,Caudata,Salamandroidea,Salamandridae,Pleurodelinae,Calotriton,asper,Calotriton_asper,NHMUK/BMNH,1928.11.22.18,NA,NA,no,6.475,64.75,7.4,3.64,3.31,2.61,2.51,KatieThomas_JeffreyStreicher
338,Caudata,Salamandroidea,Salamandridae,Salamandrininae,Chioglossa,lusitanica,Chioglossa_lusitanica,CAS,55203,NA,NA,no,5,50,2.46,2.9,2.67,2.15,2.16,Nicole_Bednarik
339,Caudata,Salamandroidea,Salamandridae,Salamandrininae,Chioglossa,lusitanica,Chioglossa_lusitanica,CAS,87110,NA,NA,no,4.2,42,1.28,2.4,2.3,1.72,1.68,Nicole_Bednarik
340,Caudata,Salamandroidea,Salamandridae,Salamandrininae,Chioglossa,lusitanica,Chioglossa_lusitanica,CAS,87116,NA,NA,no,4.3,43,1.65,2.55,2.46,1.78,1.86,Nicole_Bednarik
341,Caudata,Salamandroidea,Salamandridae,Pleurodelinae,Cynops,ensicauda,Cynops_ensicauda,CAS,211512,NA,adult,no,5.4,54,5.94,3.68,3.99,2.83,3.13,Nicole_Bednarik
342,Caudata,Salamandroidea,Salamandridae,Pleurodelinae,Cynops,pyrrhogaster,Cynops_pyrrhogaster,CAS,1617,NA,NA,no,7.1,71,12.03,4.49,4.82,3.44,3.53,Nicole_Bednarik
343,Caudata,Salamandroidea,Salamandridae,Pleurodelinae,Cynops,pyrrhogaster,Cynops_pyrrhogaster,CAS,1618,NA,NA,no,7.1,71,11.54,4.25,4.79,3.07,3.39,Nicole_Bednarik
344,Caudata,Salamandroidea,Salamandridae,Pleurodelinae,Cynops,pyrrhogaster,Cynops_pyrrhogaster,CAS,1619,NA,NA,no,7.4,74,12.41,5.04,4.86,3.27,3.74,Nicole_Bednarik
345,Caudata,Salamandroidea,Salamandridae,Pleurodelinae,Cynops,wolterstorffi,Cynops_wolterstorffi,CAS,54852,NA,NA,no,6.8,68,9.82,4.28,4.19,2.88,2.95,Nicole_Bednarik
346,Caudata,Salamandroidea,Salamandridae,Pleurodelinae,Cynops,wolterstorffi,Cynops_wolterstorffi,CAS,54908,NA,NA,no,7.8,78,12.49,4.78,4.91,3.55,3.57,Nicole_Bednarik
347,Caudata,Salamandroidea,Salamandridae,Pleurodelinae,Cynops,wolterstorffi,Cynops_wolterstorffi,CAS,54909,NA,NA,no,7.2,72,11.61,4.36,4.29,3.37,3.1,Nicole_Bednarik
348,Caudata,Salamandroidea,Salamandridae,Pleurodelinae,Echinotriton,andersoni,Echinotriton_andersoni,CAS,22152,NA,NA,no,10.4,104,23.81,5.47,5.4,3.16,3.28,Nicole_Bednarik
349,Caudata,Salamandroidea,Salamandridae,Pleurodelinae,Echinotriton,andersoni,Echinotriton_andersoni,CAS,22163,NA,NA,no,9,90,25.11,5.15,5.17,3.27,3.46,Nicole_Bednarik
350,Caudata,Salamandroidea,Salamandridae,Pleurodelinae,Echinotriton,andersoni,Echinotriton_andersoni,CAS,22154,NA,NA,no,8.3,83,20.22,4.75,5,2.95,3.2,Nicole_Bednarik
351,Caudata,Salamandroidea,Salamandridae,Pleurodelinae,Euproctus,montanus,Euproctus_montanus,CAS,255248,NA,juv,no,5.2,52,4.65,3.51,3.54,2.32,2.14,Nicole_Bednarik
352,Caudata,Salamandroidea,Salamandridae,Pleurodelinae,Euproctus,montanus,Euproctus_montanus,CAS,255249,NA,juv,no,4.5,45,2.37,2.88,3.45,2.14,2.35,Nicole_Bednarik
353,Caudata,Salamandroidea,Salamandridae,Pleurodelinae,Ichthyosaura,alpestris,Ichthyosaura_alpestris,CAS,21686,NA,adult,no,4.3,43,2.7,3.16,3.46,2.07,2.59,Nicole_Bednarik
354,Caudata,Salamandroidea,Salamandridae,Pleurodelinae,Ichthyosaura,alpestris,Ichthyosaura_alpestris,CAS,21685,NA,adult,no,4.7,47,3.21,3.49,3.62,2.25,2.29,Nicole_Bednarik
355,Caudata,Salamandroidea,Salamandridae,Pleurodelinae,Ichthyosaura,alpestris,Ichthyosaura_alpestris,CAS,21684,NA,adult,no,5,50,4.35,3.65,3.84,2.51,2.53,Nicole_Bednarik
356,Caudata,Salamandroidea,Salamandridae,Pleurodelinae,Lissotriton,boscai,Lissotriton_boscai,CAS,85530,NA,NA,no,3.2,32,0.87,2.98,2.67,2.25,2.03,Nicole_Bednarik
357,Caudata,Salamandroidea,Salamandridae,Pleurodelinae,Lissotriton,boscai,Lissotriton_boscai,CAS,85529,NA,NA,no,3.4,34,0.89,2.54,2.65,1.69,1.75,Nicole_Bednarik
358,Caudata,Salamandroidea,Salamandridae,Pleurodelinae,Lissotriton,boscai,Lissotriton_boscai,CAS,85528,NA,NA,no,2.9,29,0.55,2.21,2.19,1.33,1.62,Nicole_Bednarik
359,Caudata,Salamandroidea,Salamandridae,Pleurodelinae,Lissotriton,helveticus,Lissotriton_helveticus,MVZ,50288,NA,adult_juv,no,4.4,44,2.52,3.65,3.24,2.39,2.44,Nicole_Bednarik
360,Caudata,Salamandroidea,Salamandridae,Pleurodelinae,Lissotriton,helveticus,Lissotriton_helveticus,MVZ,50286,NA,adult_juv,no,4.1,41,2.87,2.9,3.23,2.28,2.06,Nicole_Bednarik
361,Caudata,Salamandroidea,Salamandridae,Pleurodelinae,Lissotriton,helveticus,Lissotriton_helveticus,MVZ,50285,NA,adult_juv,no,4.5,45,3.03,3.4,3.36,2.12,2.34,Nicole_Bednarik
362,Caudata,Salamandroidea,Salamandridae,Pleurodelinae,Lissotriton,italicus,Lissotriton_italicus,CAS,12780,NA,NA,no,3.4,34,1.75,2.54,2.82,1.99,2.01,Nicole_Bednarik
363,Caudata,Salamandroidea,Salamandridae,Pleurodelinae,Lissotriton,italicus,Lissotriton_italicus,CAS,12781,NA,NA,no,3.2,32,1.04,2.49,2.6,1.89,2.21,Nicole_Bednarik
364,Caudata,Salamandroidea,Salamandridae,Pleurodelinae,Lissotriton,montandoni,Lissotriton_montandoni,CAS,94184,NA,NA,no,5.2,52,4.67,3.4,3.98,2.56,2.69,Nicole_Bednarik
365,Caudata,Salamandroidea,Salamandridae,Pleurodelinae,Lissotriton,montandoni,Lissotriton_montandoni,CAS,94180,NA,NA,no,5,50,3.63,3.58,3.73,2.6,2.54,Nicole_Bednarik
366,Caudata,Salamandroidea,Salamandridae,Pleurodelinae,Lissotriton,montandoni,Lissotriton_montandoni,CAS,94183,NA,NA,no,4.5,45,2.33,3.41,3.74,2.74,2.73,Nicole_Bednarik
367,Caudata,Salamandroidea,Salamandridae,Pleurodelinae,Lissotriton,vulgaris,Lissotriton_vulgaris,CAS,21687,NA,adult,no,5,50,3.62,3.25,3.69,2.58,2.84,Nicole_Bednarik
368,Caudata,Salamandroidea,Salamandridae,Pleurodelinae,Lissotriton,vulgaris,Lissotriton_vulgaris,CAS,21688,NA,adult,no,4.5,45,3.3,3.58,3.68,2.45,2.63,Nicole_Bednarik
369,Caudata,Salamandroidea,Salamandridae,Salamandrinae,Lyciasalamandra,luschani,Lyciasalamandra_luschani,MVZ,230195,male,adult_juv,no,8.2,82,6.76,5.75,5.63,4.12,4.19,Nicole_Bednarik
370,Caudata,Salamandroidea,Salamandridae,Salamandrinae,Lyciasalamandra,luschani,Lyciasalamandra_luschani,MVZ,230196,male,adult_juv,no,8.2,82,6.8,5.4,5.49,3.94,4.12,Nicole_Bednarik
371,Caudata,Salamandroidea,Salamandridae,Salamandrinae,Lyciasalamandra,luschani,Lyciasalamandra_luschani,MVZ,230171,male,adult_juv,no,7.3,73,5.03,5.38,5.06,3.96,4,Nicole_Bednarik
372,Caudata,Salamandroidea,Salamandridae,Salamandrinae,Mertensiella,caucasica,Mertensiella_caucasica,CAS,89958,NA,NA,no,5.7,57,3.62,3.49,3.7,2.6,2.69,Nicole_Bednarik
373,Caudata,Salamandroidea,Salamandridae,Pleurodelinae,Neurergus,crocatus,Neurergus_crocatus,CAS,157131,NA,NA,no,5.6,56,5.39,5.21,5.28,3.22,3.76,Nicole_Bednarik
374,Caudata,Salamandroidea,Salamandridae,Pleurodelinae,Neurergus,strauchii,Neurergus_strauchii,MVZ,236766,NA,adult_juv,no,7.6,76,7.27,4.95,4.68,3.29,3.38,Nicole_Bednarik
375,Caudata,Salamandroidea,Salamandridae,Pleurodelinae,Neurergus,strauchii,Neurergus_strauchii,MVZ,236785,NA,adult_juv,no,8,80,9.98,5.04,4.75,3.56,3.66,Nicole_Bednarik
376,Caudata,Salamandroidea,Salamandridae,Pleurodelinae,Neurergus,strauchii,Neurergus_strauchii,MVZ,236768,NA,adult_juv,no,8.5,85,11.05,4.63,4.79,3.32,3.46,Nicole_Bednarik
377,Caudata,Salamandroidea,Salamandridae,Pleurodelinae,Notophthalmus,viridescens,Notophthalmus_viridescens,CAS,186603,NA,adult,no,4.7,47,2.14,3.2,3.61,2.42,2.62,Nicole_Bednarik
378,Caudata,Salamandroidea,Salamandridae,Pleurodelinae,Notophthalmus,viridescens,Notophthalmus_viridescens,CAS,186604,NA,adult,no,3.9,39,1.82,3.48,3.63,2.25,2.74,Nicole_Bednarik
379,Caudata,Salamandroidea,Salamandridae,Pleurodelinae,Notophthalmus,viridescens,Notophthalmus_viridescens,CAS,186605,NA,adult,no,4.3,43,2.46,3.94,4.42,2.59,2.79,Nicole_Bednarik
380,Caudata,Salamandroidea,Salamandridae,Pleurodelinae,Ommatotriton ,vittatus,Ommatotriton_vittatus,NHMUK/BMNH,1886.11.19.18,NA,NA,no,6.043,60.43,3.7,NA,NA,4.01,4.48,KatieThomas_JeffreyStreicher
381,Caudata,Salamandroidea,Salamandridae,Pleurodelinae,Ommatotriton ,vittatus,Ommatotriton_vittatus,NHMUK/BMNH,1886.11.19.19,NA,NA,no,6.569,65.69,3.9,4.31,4.51,3.89,3.66,KatieThomas_JeffreyStreicher
382,Caudata,Salamandroidea,Salamandridae,Pleurodelinae,Ommatotriton ,vittatus,Ommatotriton_vittatus,NHMUK/BMNH,1885.8.81.58,NA,NA,no,6.123,61.23,4,3.94,3.71,3.87,3.55,KatieThomas_JeffreyStreicher
383,Caudata,Salamandroidea,Salamandridae,Pleurodelinae,Pachytriton,brevipes,Pachytriton_brevipes,CAS,54849,NA,adult,no,7.4,74,13.32,3.88,3.81,2.78,2.71,Nicole_Bednarik
384,Caudata,Salamandroidea,Salamandridae,Pleurodelinae,Pachytriton,brevipes,Pachytriton_brevipes,CAS,54850,NA,adult,no,6.6,66,7.94,3.52,3.47,2.61,2.46,Nicole_Bednarik
385,Caudata,Salamandroidea,Salamandridae,Pleurodelinae,Pachytriton,brevipes,Pachytriton_brevipes,CAS,54851,NA,adult,no,5.2,52,5.1,3.31,3.74,2.39,2.49,Nicole_Bednarik
386,Caudata,Salamandroidea,Salamandridae,Pleurodelinae,Paramesotriton,deloustali,Paramesotriton_deloustali,CAS,6390,NA,adult,no,10.8,108,29.33,5.68,5.77,3.85,3.92,Nicole_Bednarik
387,Caudata,Salamandroidea,Salamandridae,Pleurodelinae,Paramesotriton,deloustali,Paramesotriton_deloustali,CAS,6391,NA,adult,no,9.8,98,26.42,6.46,6.49,4.32,4.45,Nicole_Bednarik
388,Caudata,Salamandroidea,Salamandridae,Pleurodelinae,Paramesotriton,hongkongensis,Paramesotriton_hongkongensis,CAS,139987,NA,NA,no,8,80,8.09,4.5,4.77,3.21,3.39,Nicole_Bednarik
389,Caudata,Salamandroidea,Salamandridae,Pleurodelinae,Paramesotriton,hongkongensis,Paramesotriton_hongkongensis,CAS,139988,NA,NA,no,7.8,78,7.61,5.06,5.21,3.44,3.71,Nicole_Bednarik
390,Caudata,Salamandroidea,Salamandridae,Pleurodelinae,Paramesotriton,hongkongensis,Paramesotriton_hongkongensis,CAS,139990,NA,NA,no,6.4,64,8.74,5.54,5.6,3.87,4.04,Nicole_Bednarik
391,Caudata,Salamandroidea,Salamandridae,Pleurodelinae,Pleurodeles,poireti,Pleurodeles_poireti,CAS,74322,NA,NA,no,4.9,49,2.72,2.78,2.91,1.95,2.02,Nicole_Bednarik
392,Caudata,Salamandroidea,Salamandridae,Pleurodelinae,Pleurodeles,waltl,Pleurodeles_waltl,CAS,138785,NA,NA,no,6.8,68,7.69,3.69,3.77,2.5,2.43,Nicole_Bednarik
393,Caudata,Salamandroidea,Salamandridae,Pleurodelinae,Pleurodeles,waltl,Pleurodeles_waltl,CAS,138786,NA,NA,no,6,60,6.85,3.68,3.62,2.27,2.28,Nicole_Bednarik
394,Caudata,Salamandroidea,Salamandridae,Pleurodelinae,Pleurodeles,waltl,Pleurodeles_waltl,CAS,71295,NA,NA,no,9.6,96,15.13,4.39,4.61,2.88,2.81,Nicole_Bednarik
395,Caudata,Salamandroidea,Salamandridae,Pleurodelinae,Pleurodeles,waltl,Pleurodeles_waltl,CAS,71297,NA,NA,no,9,90,15.65,4.72,4.72,3.29,2.87,Nicole_Bednarik
396,Caudata,Salamandroidea,Salamandridae,Pleurodelinae,Pleurodeles,waltl_gilled,Pleurodeles_waltl_gilled,CAS,123211,NA,NA,yes,7.8,78,24.17,3.37,3.38,3.07,3.06,Nicole_Bednarik
397,Caudata,Salamandroidea,Salamandridae,Salamandrinae,Salamandra,atra,Salamandra_atra,CAS,12777,NA,NA,no,6.6,66,4.08,4.15,4.14,3.1,3.02,Nicole_Bednarik
398,Caudata,Salamandroidea,Salamandridae,Salamandrinae,Salamandra,atra,Salamandra_atra,CAS,19560,NA,adult,no,7.3,73,6.63,4.6,4.74,3.15,3.34,Nicole_Bednarik
399,Caudata,Salamandroidea,Salamandridae,Salamandrinae,Salamandra,salamandra,Salamandra_salamandra,CAS,207054,NA,NA,no,9,90,16.29,5.63,5.9,3.63,3.63,Nicole_Bednarik
400,Caudata,Salamandroidea,Salamandridae,Salamandrininae,Salamandrina,terdigitata,Salamandrina_terdigitata,CAS,71286,NA,NA,no,3.3,33,0.66,2.43,2.45,1.66,1.71,Nicole_Bednarik
401,Caudata,Salamandroidea,Salamandridae,Salamandrininae,Salamandrina,terdigitata,Salamandrina_terdigitata,CAS,71291,NA,NA,no,3.6,36,0.9,2.64,2.82,1.94,1.95,Nicole_Bednarik
402,Caudata,Salamandroidea,Salamandridae,Salamandrininae,Salamandrina,terdigitata,Salamandrina_terdigitata,CAS,71290,NA,NA,no,3.4,34,0.72,2.96,2.59,1.72,1.65,Nicole_Bednarik
403,Caudata,Salamandroidea,Salamandridae,Pleurodelinae,Taricha,granulosa,Taricha_granulosa,CAS,259431,NA,NA,no,9.3,93,24.77,5.14,5.41,3.77,3.67,Nicole_Bednarik
404,Caudata,Salamandroidea,Salamandridae,Pleurodelinae,Taricha,granulosa,Taricha_granulosa,CAS,259433,NA,NA,no,8.7,87,21.03,4.31,4.71,2.82,3.25,Nicole_Bednarik
405,Caudata,Salamandroidea,Salamandridae,Pleurodelinae,Taricha,granulosa,Taricha_granulosa,CAS,263244,NA,adult,no,9.1,91,19.23,5.02,5.25,3.65,3.9,Nicole_Bednarik
406,Caudata,Salamandroidea,Salamandridae,Pleurodelinae,Taricha,rivularis,Taricha_rivularis,CAS,2322,NA,adult,no,7.3,73,16.39,5.24,5.43,3.59,3.99,Nicole_Bednarik
407,Caudata,Salamandroidea,Salamandridae,Pleurodelinae,Taricha,rivularis,Taricha_rivularis,CAS,2323,NA,adult,no,7,70,14.47,5.15,5.43,3.78,4.17,Nicole_Bednarik
408,Caudata,Salamandroidea,Salamandridae,Pleurodelinae,Taricha,rivularis,Taricha_rivularis,CAS,2329,NA,adult,no,6.2,62,14.19,5.84,5.72,3.99,4.01,Nicole_Bednarik
409,Caudata,Salamandroidea,Salamandridae,Pleurodelinae,Taricha,torosa,Taricha_torosa,CAS,246225,male,adult,no,7.3,73,15.5,5.04,5.15,3.59,3.56,Nicole_Bednarik
410,Caudata,Salamandroidea,Salamandridae,Pleurodelinae,Taricha,torosa,Taricha_torosa,CAS,246224,male,adult,no,8,80,12.55,4.73,5.01,3.61,3.64,Nicole_Bednarik
411,Caudata,Salamandroidea,Salamandridae,Pleurodelinae,Taricha,torosa,Taricha_torosa,CAS,266223,male,adult,no,7.3,73,13.72,4.68,5.11,3.72,3.59,Nicole_Bednarik
412,Caudata,Salamandroidea,Salamandridae,Pleurodelinae,Triturus,carnifex,Triturus_carnifex,CAS,17665,NA,adult,no,6.5,65,3.63,3.88,3.82,2.76,2.94,Nicole_Bednarik
413,Caudata,Salamandroidea,Salamandridae,Pleurodelinae,Triturus,carnifex,Triturus_carnifex,CAS,17666,male,adult,no,5.5,55,3.33,3.59,3.77,2.78,2.81,Nicole_Bednarik
414,Caudata,Salamandroidea,Salamandridae,Pleurodelinae,Triturus,carnifex,Triturus_carnifex,CAS,17664,male,adult,no,6.5,65,3.48,3.73,3.73,2.68,2.41,Nicole_Bednarik
415,Caudata,Salamandroidea,Salamandridae,Pleurodelinae,Triturus,cristatus,Triturus_cristatus,CAS,144351,male,adult,no,6.6,66,7.73,4.1,4.65,3.6,3.53,Nicole_Bednarik
416,Caudata,Salamandroidea,Salamandridae,Pleurodelinae,Triturus,cristatus,Triturus_cristatus,CAS,144352,male,adult,no,6.6,66,7.67,4.51,4.67,3.19,3.37,Nicole_Bednarik
417,Caudata,Salamandroidea,Salamandridae,Pleurodelinae,Triturus,cristatus,Triturus_cristatus,CAS,144353,male,adult,no,7.2,72,9.07,4.73,4.28,3.01,3.32,Nicole_Bednarik
418,Caudata,Salamandroidea,Salamandridae,Pleurodelinae,Triturus,karelinii,Triturus_karelinii,CAS,217516,NA,adult,no,7.7,77,7.8,4.35,4.86,3.27,3.51,Nicole_Bednarik
419,Caudata,Salamandroidea,Salamandridae,Pleurodelinae,Triturus,karelinii,Triturus_karelinii,CAS,217518,NA,adult,no,7,70,7.62,4.56,5.14,3.74,4.02,Nicole_Bednarik
420,Caudata,Salamandroidea,Salamandridae,Pleurodelinae,Triturus,karelinii,Triturus_karelinii,CAS,217519,NA,adult,no,7.4,74,7.18,5.34,5.27,3.82,4.2,Nicole_Bednarik
421,Caudata,Salamandroidea,Salamandridae,Pleurodelinae,Tylototriton,shanjing,Tylototriton_shanjing,CAS,215132,NA,adult,no,7.5,75,14.8,4.81,5.02,3.13,2.99,Nicole_Bednarik
422,Caudata,Salamandroidea,Salamandridae,Pleurodelinae,Tylototriton,shanjing,Tylototriton_shanjing,CAS,215121,NA,adult,no,8.2,82,16.02,5.2,5.16,3.46,3.6,Nicole_Bednarik
423,Caudata,Salamandroidea,Salamandridae,Pleurodelinae,Tylototriton,shanjing,Tylototriton_shanjing,CAS,215127,NA,adult,no,6.7,67,8.53,4.7,4.42,2.92,2.94,Nicole_Bednarik
424,Caudata,Salamandroidea,Salamandridae,Pleurodelinae,Tylototriton,taliangensis,Tylototriton_taliangensis,CAS,194852,NA,adult,no,7.3,73,10.78,4.1,4.49,2.79,2.94,Nicole_Bednarik
425,Caudata,Salamandroidea,Salamandridae,Pleurodelinae,Tylototriton,taliangensis,Tylototriton_taliangensis,CAS,194858,NA,adult,no,7,70,8.97,3.79,4.07,2.41,2.79,Nicole_Bednarik
426,Caudata,Salamandroidea,Salamandridae,Pleurodelinae,Tylototriton,taliangensis,Tylototriton_taliangensis,CAS,194859,NA,adult,no,7.5,75,10.4,4.35,4.63,2.78,2.88,Nicole_Bednarik
427,Caudata,Salamandroidea,Salamandridae,Pleurodelinae,Tylototriton,verrucosus,Tylototriton_verrucosus,CAS,215100,NA,adult,no,8,80,18.83,4.92,4.78,3.13,3.36,Nicole_Bednarik
428,Caudata,Salamandroidea,Salamandridae,Pleurodelinae,Tylototriton,verrucosus,Tylototriton_verrucosus,CAS,215098,NA,adult,no,7.8,78,15.91,4.96,5.13,3.33,3.6,Nicole_Bednarik
429,Caudata,Salamandroidea,Salamandridae,Pleurodelinae,Tylototriton,verrucosus,Tylototriton_verrucosus,CAS,215099,NA,adult,no,7.1,71,10.37,4.25,4.41,3.12,3.03,Nicole_Bednarik
430,Caudata,Sirenidea,Sirenidae,NA,Pseudobranchus,striatus,Pseudobranchus_striatus,MVZ,198684,NA,adult_juv,yes,9.3,93,3,NA,NA,0.96,0.97,Nicole_Bednarik
431,Caudata,Sirenidea,Sirenidae,NA,Pseudobranchus,striatus,Pseudobranchus_striatus,MVZ,198682,NA,adult_juv,yes,9.6,96,4,NA,NA,0.89,0.96,Nicole_Bednarik
432,Caudata,Sirenidea,Sirenidae,NA,Pseudobranchus,striatus,Pseudobranchus_striatus,MVZ,198683,NA,adult_juv,yes,9.6,96,3,NA,NA,1.02,0.99,Nicole_Bednarik
433,Caudata,Sirenidea,Sirenidae,NA,Siren,intermedia,Siren_intermedia,CAS,247433,NA,adult,yes,23.2,232,73.43,NA,NA,1.54,1.61,Nicole_Bednarik
434,Caudata,Sirenidea,Sirenidae,NA,Siren,intermedia,Siren_intermedia,MVZ,204694,NA,adult_juv,yes,38.8,388,366,NA,NA,2.46,2.16,Nicole_Bednarik
435,Caudata,Sirenidea,Sirenidae,NA,Siren,intermedia,Siren_intermedia,MVZ,204693,NA,adult_juv,yes,32.2,322,275,NA,NA,2.95,2.66,Nicole_Bednarik
436,Caudata,Sirenidea,Sirenidae,NA,Siren,lacertina,Siren_lacertina,CAS,172152,NA,adult,yes,23.8,238,259.7,NA,NA,2.96,3.25,Nicole_Bednarik
437,Caudata,Sirenidea,Sirenidae,NA,Siren,lacertina,Siren_lacertina,CAS,172151,NA,adult,yes,36.1,361,391.57,NA,NA,2.78,3.14,Nicole_Bednarik
438,Caudata,Sirenidea,Sirenidae,NA,Siren,lacertina,Siren_lacertina,CAS,172153,NA,adult,yes,39.6,396,416,NA,NA,2.99,3,Nicole_Bednarik